Record Type,Product ID,Product Name,Category,Company ID,Company Name,Country,Company Type,Product URL,"In Herbs, Spices",In Physical Formats,In Cognitive & Mental Health
Ingredient,11964,Mannitol,Additives incl. Flavourings & Colours,243550,"SHIJIAZHUANG HUAXU PHARMACEUTICAL CO.,",United Kingdom,Manufacturer: Ingredients / Additives,https://www.ingredientsnetwork.com/mannitol-prod011964.html,No,No,No
Ingredient,11965,Fructose,"Carbohydrates, Sugars",243550,"SHIJIAZHUANG HUAXU PHARMACEUTICAL CO.,",United Kingdom,Manufacturer: Ingredients / Additives,https://www.ingredientsnetwork.com/fructose-prod011965.html,No,No,No
Ingredient,13622,soya isofalvone,"Algae, Botanicals, Carotenoids, Flavonoids | Cereals & Grains, Pulses",242706,Shandong Wonderful Industrial Group,China,,https://www.ingredientsnetwork.com/soya-isofalvone-prod013622.html,No,No,No
Ingredient,15537,Bilberry Extract,"Additives incl. Flavourings & Colours | Algae, Botanicals, Carotenoids, Flavonoids",243286,"BAOJI OASIER NUTRI-TECH CO., LTD",China,,https://www.ingredientsnetwork.com/bilberry-extract-prod015537.html,No,No,No
Ingredient,15539,Chokeberry Extract,"Additives incl. Flavourings & Colours | Algae, Botanicals, Carotenoids, Flavonoids",243286,"BAOJI OASIER NUTRI-TECH CO., LTD",China,,https://www.ingredientsnetwork.com/chokeberry-extract-prod015539.html,No,No,No
Ingredient,15540,Blueberry Extract,"Additives incl. Flavourings & Colours | Algae, Botanicals, Carotenoids, Flavonoids",243286,"BAOJI OASIER NUTRI-TECH CO., LTD",China,,https://www.ingredientsnetwork.com/blueberry-extract-prod015540.html,No,No,No
Ingredient,15618,D-MANNOSE,"Carbohydrates, Sugars",243550,"SHIJIAZHUANG HUAXU PHARMACEUTICAL CO.,",United Kingdom,Manufacturer: Ingredients / Additives,https://www.ingredientsnetwork.com/d-mannose-prod015618.html,No,No,No
Ingredient,23060,dl-malic acid,Additives incl. Flavourings & Colours,244466,"Anhui Sealong Biotechnology Co., Ltd.",China,Manufacturer: Ingredients / Additives,https://www.ingredientsnetwork.com/dl-malic-acid-prod023060.html,No,Yes,No
Ingredient,23061,fumaric acid,Additives incl. Flavourings & Colours,244466,"Anhui Sealong Biotechnology Co., Ltd.",China,Manufacturer: Ingredients / Additives,https://www.ingredientsnetwork.com/fumaric-acid-prod023061.html,No,Yes,No
Ingredient,35661,Glycine,"Proteins, Enzymes, Amino Acids",243842,"Hebei Changhao Biotechnology CO.,LTD",China,Contract Manufacturer,https://www.ingredientsnetwork.com/glycine-prod035661.html,No,No,Yes
Ingredient,35662,L-Cystine,"Proteins, Enzymes, Amino Acids",243842,"Hebei Changhao Biotechnology CO.,LTD",China,Contract Manufacturer,https://www.ingredientsnetwork.com/l-cystine-prod035662.html,No,No,Yes
Ingredient,35663,L-Cysteine hydrochloride anhydrous,"Proteins, Enzymes, Amino Acids",243842,"Hebei Changhao Biotechnology CO.,LTD",China,Contract Manufacturer,https://www.ingredientsnetwork.com/l-cysteine-hydrochloride-anhydrous-prod035663.html,No,No,Yes
Ingredient,35755,L-Methionine,"Proteins, Enzymes, Amino Acids",243842,"Hebei Changhao Biotechnology CO.,LTD",China,Contract Manufacturer,https://www.ingredientsnetwork.com/l-methionine-prod035755.html,No,No,Yes
Ingredient,35756,Compound amino acid,"Proteins, Enzymes, Amino Acids",243842,"Hebei Changhao Biotechnology CO.,LTD",China,Contract Manufacturer,https://www.ingredientsnetwork.com/compound-amino-acid-prod035756.html,No,No,Yes
Ingredient,35759,L-Arginine-L-Aspartate,"Proteins, Enzymes, Amino Acids",243842,"Hebei Changhao Biotechnology CO.,LTD",China,Contract Manufacturer,https://www.ingredientsnetwork.com/l-arginine-l-aspartate-prod035759.html,No,No,Yes
Ingredient,35760,DL-Alanine,"Proteins, Enzymes, Amino Acids",243842,"Hebei Changhao Biotechnology CO.,LTD",China,Contract Manufacturer,https://www.ingredientsnetwork.com/dl-alanine-prod035760.html,No,No,Yes
Ingredient,35761,L-Leucine,"Proteins, Enzymes, Amino Acids",243842,"Hebei Changhao Biotechnology CO.,LTD",China,Contract Manufacturer,https://www.ingredientsnetwork.com/l-leucine-prod035761.html,No,No,Yes
Ingredient,35762,L-Arginine,"Proteins, Enzymes, Amino Acids",243842,"Hebei Changhao Biotechnology CO.,LTD",China,Contract Manufacturer,https://www.ingredientsnetwork.com/l-arginine-prod035762.html,No,No,Yes
Ingredient,35764,L-Isoleucine,"Proteins, Enzymes, Amino Acids",243842,"Hebei Changhao Biotechnology CO.,LTD",China,Contract Manufacturer,https://www.ingredientsnetwork.com/l-isoleucine-prod035764.html,No,No,Yes
Ingredient,35771,DL-Methionine,"Proteins, Enzymes, Amino Acids",243842,"Hebei Changhao Biotechnology CO.,LTD",China,Contract Manufacturer,https://www.ingredientsnetwork.com/dl-methionine-prod035771.html,No,No,Yes
Ingredient,35772,L-Cysteine,"Proteins, Enzymes, Amino Acids",243842,"Hebei Changhao Biotechnology CO.,LTD",China,Contract Manufacturer,https://www.ingredientsnetwork.com/l-cysteine-prod035772.html,No,No,Yes
Ingredient,35773,L-Glutamic acid,"Proteins, Enzymes, Amino Acids",243842,"Hebei Changhao Biotechnology CO.,LTD",China,Contract Manufacturer,https://www.ingredientsnetwork.com/l-glutamic-acid-prod035773.html,No,No,Yes
Ingredient,35774,L-Glutamine,"Proteins, Enzymes, Amino Acids",243842,"Hebei Changhao Biotechnology CO.,LTD",China,Contract Manufacturer,https://www.ingredientsnetwork.com/l-glutamine-prod035774.html,No,No,Yes
Ingredient,35775,L-Histidine,"Proteins, Enzymes, Amino Acids",243842,"Hebei Changhao Biotechnology CO.,LTD",China,Contract Manufacturer,https://www.ingredientsnetwork.com/l-histidine-prod035775.html,No,No,Yes
Ingredient,35781,L-Alanine,"Proteins, Enzymes, Amino Acids",243842,"Hebei Changhao Biotechnology CO.,LTD",China,Contract Manufacturer,https://www.ingredientsnetwork.com/l-alanine-prod035781.html,No,No,Yes
Ingredient,35782,L-Cysteine hydrochloride hydrous,"Proteins, Enzymes, Amino Acids",243842,"Hebei Changhao Biotechnology CO.,LTD",China,Contract Manufacturer,https://www.ingredientsnetwork.com/l-cysteine-hydrochloride-hydrous-prod035782.html,No,No,Yes
Ingredient,35783,L-Lysine Monohydrochloride,"Proteins, Enzymes, Amino Acids",243842,"Hebei Changhao Biotechnology CO.,LTD",China,Contract Manufacturer,https://www.ingredientsnetwork.com/l-lysine-monohydrochloride-prod035783.html,No,No,Yes
Ingredient,35785,L-Histidine Hydrochloride,"Proteins, Enzymes, Amino Acids",243842,"Hebei Changhao Biotechnology CO.,LTD",China,Contract Manufacturer,https://www.ingredientsnetwork.com/l-histidine-hydrochloride-prod035785.html,No,No,Yes
Ingredient,35792,D-xylose,"Carbohydrates, Sugars",243842,"Hebei Changhao Biotechnology CO.,LTD",China,Contract Manufacturer,https://www.ingredientsnetwork.com/d-xylose-prod035792.html,No,No,Yes
Ingredient,35794,Fructose,"Carbohydrates, Sugars",243842,"Hebei Changhao Biotechnology CO.,LTD",China,Contract Manufacturer,https://www.ingredientsnetwork.com/fructose-prod035794.html,No,No,Yes
Ingredient,35801,Folic acid,"Vitamins, Minerals",243842,"Hebei Changhao Biotechnology CO.,LTD",China,Contract Manufacturer,https://www.ingredientsnetwork.com/folic-acid-prod035801.html,No,No,Yes
Ingredient,35802,Inositol,Bioactive Compounds - Other,243842,"Hebei Changhao Biotechnology CO.,LTD",China,Contract Manufacturer,https://www.ingredientsnetwork.com/inositol-prod035802.html,No,No,Yes
Ingredient,35803,Choline chloride,Additives incl. Flavourings & Colours | Bioactive Compounds - Other,243842,"Hebei Changhao Biotechnology CO.,LTD",China,Contract Manufacturer,https://www.ingredientsnetwork.com/choline-chloride-prod035803.html,No,No,Yes
Ingredient,35804,L-Carnitine,"Proteins, Enzymes, Amino Acids",243842,"Hebei Changhao Biotechnology CO.,LTD",China,Contract Manufacturer,https://www.ingredientsnetwork.com/l-carnitine-prod035804.html,No,No,Yes
Ingredient,39980,Active Pharmaceutical Ingredients,"Proteins, Enzymes, Amino Acids | Vitamins, Minerals",246375,"MENJANGAN SAKTI,PT",Indonesia,,https://www.ingredientsnetwork.com/active-pharmaceutical-ingredients-prod039980.html,No,No,No
Ingredient,58746,Aloe Vera Gel Spray Dried Powder 100:1 Decolorized,"Algae, Botanicals, Carotenoids, Flavonoids",242188,Hangzhou Youither Bioscience Co Ltd,China,,https://www.ingredientsnetwork.com/aloe-vera-gel-spray-dried-powder-100-1-decolorized-prod058746.html,No,No,No
Ingredient,58747,Aloe Vera Gel Freeze Dried Powder 100:1,"Algae, Botanicals, Carotenoids, Flavonoids",242188,Hangzhou Youither Bioscience Co Ltd,China,,https://www.ingredientsnetwork.com/aloe-vera-gel-freeze-dried-powder-100-1-prod058747.html,No,No,No
Ingredient,58748,Aloe Vera Gel Freeze Dried Powder 200:1,"Algae, Botanicals, Carotenoids, Flavonoids | Bioactive Compounds - Other",242188,Hangzhou Youither Bioscience Co Ltd,China,,https://www.ingredientsnetwork.com/aloe-vera-gel-freeze-dried-powder-200-1-prod058748.html,No,No,No
Ingredient,72174,Milk Thistle Seeds Extract,"Algae, Botanicals, Carotenoids, Flavonoids",243624,"Inner Mongolia Ever Brilliance Biotechnology Co., Ltd.",China,Manufacturer: Ingredients / Additives,https://www.ingredientsnetwork.com/milk-thistle-seeds-extract-prod072174.html,No,Yes,Yes
Ingredient,72176,Raffinose pentahydrate,"Additives incl. Flavourings & Colours | Carbohydrates, Sugars",243624,"Inner Mongolia Ever Brilliance Biotechnology Co., Ltd.",China,Manufacturer: Ingredients / Additives,https://www.ingredientsnetwork.com/raffinose-pentahydrate-prod072176.html,No,Yes,Yes
Ingredient,72178,St. John's wort extract,"Algae, Botanicals, Carotenoids, Flavonoids",243624,"Inner Mongolia Ever Brilliance Biotechnology Co., Ltd.",China,Manufacturer: Ingredients / Additives,https://www.ingredientsnetwork.com/st-john-s-wort-extract-prod072178.html,No,Yes,Yes
Ingredient,72209,Sesame seeds extract,"Additives incl. Flavourings & Colours | Bioactive Compounds - Other | Fruit, Seeds, Nuts & Peanuts, Vegetables",243624,"Inner Mongolia Ever Brilliance Biotechnology Co., Ltd.",China,Manufacturer: Ingredients / Additives,https://www.ingredientsnetwork.com/sesame-seeds-extract-prod072209.html,No,Yes,Yes
Ingredient,78722,2-Aminoethanesulfonic acid,"Proteins, Enzymes, Amino Acids",243996,"Qianjiang Yongan Pharmaceutical Co., Ltd",China,,https://www.ingredientsnetwork.com/2-aminoethanesulfonic-acid-prod078722.html,No,Yes,Yes
Ingredient,78723,Taurine - JP8,"Proteins, Enzymes, Amino Acids",243996,"Qianjiang Yongan Pharmaceutical Co., Ltd",China,,https://www.ingredientsnetwork.com/taurine-jp8-prod078723.html,No,Yes,Yes
Ingredient,80539,Apple fruit powder,"Fruit, Seeds, Nuts & Peanuts, Vegetables",243657,"SHAANXI HONGHAO BIO-TECH CO.,LTD",China,,https://www.ingredientsnetwork.com/apple-fruit-powder-prod080539.html,Yes,Yes,Yes
Ingredient,80543,Cranberry powder,"Additives incl. Flavourings & Colours | Algae, Botanicals, Carotenoids, Flavonoids | Fruit, Seeds, Nuts & Peanuts, Vegetables",243657,"SHAANXI HONGHAO BIO-TECH CO.,LTD",China,,https://www.ingredientsnetwork.com/cranberry-powder-prod080543.html,Yes,Yes,Yes
Ingredient,80545,Blueberry powder,"Additives incl. Flavourings & Colours | Algae, Botanicals, Carotenoids, Flavonoids | Fruit, Seeds, Nuts & Peanuts, Vegetables",243657,"SHAANXI HONGHAO BIO-TECH CO.,LTD",China,,https://www.ingredientsnetwork.com/blueberry-powder-prod080545.html,Yes,Yes,Yes
Ingredient,80546,Black currant fruit powder,"Algae, Botanicals, Carotenoids, Flavonoids",243657,"SHAANXI HONGHAO BIO-TECH CO.,LTD",China,,https://www.ingredientsnetwork.com/black-currant-fruit-powder-prod080546.html,Yes,Yes,Yes
Ingredient,80547,Cantaloupe fruit powder,"Algae, Botanicals, Carotenoids, Flavonoids | Fruit, Seeds, Nuts & Peanuts, Vegetables | Vitamins, Minerals",243657,"SHAANXI HONGHAO BIO-TECH CO.,LTD",China,,https://www.ingredientsnetwork.com/cantaloupe-fruit-powder-prod080547.html,Yes,Yes,Yes
Ingredient,80551,Cinnamon bark powder,"Algae, Botanicals, Carotenoids, Flavonoids | Herbs, Spices",243657,"SHAANXI HONGHAO BIO-TECH CO.,LTD",China,,https://www.ingredientsnetwork.com/cinnamon-bark-powder-prod080551.html,Yes,Yes,Yes
Ingredient,82997,Capsaicin,"Algae, Botanicals, Carotenoids, Flavonoids",243657,"SHAANXI HONGHAO BIO-TECH CO.,LTD",China,,https://www.ingredientsnetwork.com/capsaicin-prod082997.html,Yes,Yes,Yes
Ingredient,83000,Amygdalin,"Algae, Botanicals, Carotenoids, Flavonoids | Bioactive Compounds - Other",243657,"SHAANXI HONGHAO BIO-TECH CO.,LTD",China,,https://www.ingredientsnetwork.com/amygdalin-prod083000.html,Yes,Yes,Yes
Ingredient,83010,Bitter melon extract,"Algae, Botanicals, Carotenoids, Flavonoids",243657,"SHAANXI HONGHAO BIO-TECH CO.,LTD",China,,https://www.ingredientsnetwork.com/bitter-melon-extract-prod083010.html,Yes,Yes,Yes
Ingredient,83015,Dandelion extract,"Algae, Botanicals, Carotenoids, Flavonoids",243657,"SHAANXI HONGHAO BIO-TECH CO.,LTD",China,,https://www.ingredientsnetwork.com/dandelion-extract-prod083015.html,Yes,Yes,Yes
Ingredient,83017,Avena sativa extract,"Algae, Botanicals, Carotenoids, Flavonoids",243657,"SHAANXI HONGHAO BIO-TECH CO.,LTD",China,,https://www.ingredientsnetwork.com/avena-sativa-extract-prod083017.html,Yes,Yes,Yes
Ingredient,83019,Cnidium fruit p.e.,"Algae, Botanicals, Carotenoids, Flavonoids | Herbs, Spices",243657,"SHAANXI HONGHAO BIO-TECH CO.,LTD",China,,https://www.ingredientsnetwork.com/cnidium-fruit-p-e-prod083019.html,Yes,Yes,Yes
Ingredient,83021,Black cohosh extract,"Algae, Botanicals, Carotenoids, Flavonoids",243657,"SHAANXI HONGHAO BIO-TECH CO.,LTD",China,,https://www.ingredientsnetwork.com/black-cohosh-extract-prod083021.html,Yes,Yes,Yes
Ingredient,83024,Cherry fruit powder,"Additives incl. Flavourings & Colours | Fruit, Seeds, Nuts & Peanuts, Vegetables | Vitamins, Minerals",243657,"SHAANXI HONGHAO BIO-TECH CO.,LTD",China,,https://www.ingredientsnetwork.com/cherry-fruit-powder-prod083024.html,Yes,Yes,Yes
Ingredient,83025,Banana fruit powder,"Algae, Botanicals, Carotenoids, Flavonoids | Fruit, Seeds, Nuts & Peanuts, Vegetables",243657,"SHAANXI HONGHAO BIO-TECH CO.,LTD",China,,https://www.ingredientsnetwork.com/banana-fruit-powder-prod083025.html,Yes,Yes,Yes
Ingredient,83027,Black pepper powder,"Algae, Botanicals, Carotenoids, Flavonoids | Herbs, Spices",243657,"SHAANXI HONGHAO BIO-TECH CO.,LTD",China,,https://www.ingredientsnetwork.com/black-pepper-powder-prod083027.html,Yes,Yes,Yes
Ingredient,83031,Astragalus powder,"Algae, Botanicals, Carotenoids, Flavonoids",243657,"SHAANXI HONGHAO BIO-TECH CO.,LTD",China,,https://www.ingredientsnetwork.com/astragalus-powder-prod083031.html,Yes,Yes,Yes
Ingredient,83032,Angelica powder,"Algae, Botanicals, Carotenoids, Flavonoids",243657,"SHAANXI HONGHAO BIO-TECH CO.,LTD",China,,https://www.ingredientsnetwork.com/angelica-powder-prod083032.html,Yes,Yes,Yes
Ingredient,83038,Black cohosh powder,"Algae, Botanicals, Carotenoids, Flavonoids",243657,"SHAANXI HONGHAO BIO-TECH CO.,LTD",China,,https://www.ingredientsnetwork.com/black-cohosh-powder-prod083038.html,Yes,Yes,Yes
Ingredient,83042,Cassia nomame powder,"Algae, Botanicals, Carotenoids, Flavonoids | Bioactive Compounds - Other",243657,"SHAANXI HONGHAO BIO-TECH CO.,LTD",China,,https://www.ingredientsnetwork.com/cassia-nomame-powder-prod083042.html,Yes,Yes,Yes
Ingredient,83046,Aloin,"Algae, Botanicals, Carotenoids, Flavonoids",243657,"SHAANXI HONGHAO BIO-TECH CO.,LTD",China,,https://www.ingredientsnetwork.com/aloin-prod083046.html,Yes,Yes,Yes
Ingredient,83048,Corn stigma p.e.,"Algae, Botanicals, Carotenoids, Flavonoids | Bioactive Compounds - Other",243657,"SHAANXI HONGHAO BIO-TECH CO.,LTD",China,,https://www.ingredientsnetwork.com/corn-stigma-p-e-prod083048.html,Yes,Yes,Yes
Ingredient,83051,Citrus aurantium extract,"Algae, Botanicals, Carotenoids, Flavonoids",243657,"SHAANXI HONGHAO BIO-TECH CO.,LTD",China,,https://www.ingredientsnetwork.com/citrus-aurantium-extract-prod083051.html,Yes,Yes,Yes
Ingredient,83056,Boswellia serrata extract,"Algae, Botanicals, Carotenoids, Flavonoids",243657,"SHAANXI HONGHAO BIO-TECH CO.,LTD",China,,https://www.ingredientsnetwork.com/boswellia-serrata-extract-prod083056.html,Yes,Yes,Yes
Ingredient,83061,Cactus extract(caralluma fimbriata extract),"Algae, Botanicals, Carotenoids, Flavonoids",243657,"SHAANXI HONGHAO BIO-TECH CO.,LTD",China,,https://www.ingredientsnetwork.com/cactus-extractcaralluma-fimbriata-extract-prod083061.html,Yes,Yes,Yes
Ingredient,87245,L-Arginine,"Proteins, Enzymes, Amino Acids",244086,Shandong Minqiang Biotechnology Co Ltd,China,,https://www.ingredientsnetwork.com/l-arginine-prod087245.html,No,No,No
Ingredient,87246,L- Glutamine,"Proteins, Enzymes, Amino Acids",244086,Shandong Minqiang Biotechnology Co Ltd,China,,https://www.ingredientsnetwork.com/l-glutamine-prod087246.html,No,No,No
Ingredient,87250,Gos,"Carbohydrates, Sugars | Dietary Fibres, Prebiotics",244086,Shandong Minqiang Biotechnology Co Ltd,China,,https://www.ingredientsnetwork.com/gos-prod087250.html,No,No,No
Ingredient,88660,Enzymes,"Proteins, Enzymes, Amino Acids",241564,TOVANI BENZAQUEN,Brazil,Distributor,https://www.ingredientsnetwork.com/enzymes-prod088660.html,No,No,No
Ingredient,88668,Cranberry extracts,"Additives incl. Flavourings & Colours | Algae, Botanicals, Carotenoids, Flavonoids",241564,TOVANI BENZAQUEN,Brazil,Distributor,https://www.ingredientsnetwork.com/cranberry-extracts-prod088668.html,No,No,No
Ingredient,98296,Apple cider vinegar powder,"Additives incl. Flavourings & Colours | Fruit, Seeds, Nuts & Peanuts, Vegetables",244000,"Ningbo Honor Chemtech Co., Ltd.",China,Distributor,https://www.ingredientsnetwork.com/apple-cider-vinegar-powder-prod098296.html,No,Yes,Yes
Ingredient,98297,Artichoke extract,"Algae, Botanicals, Carotenoids, Flavonoids",244000,"Ningbo Honor Chemtech Co., Ltd.",China,Distributor,https://www.ingredientsnetwork.com/artichoke-extract-prod098297.html,No,Yes,Yes
Ingredient,98298,Astragalus extract,"Algae, Botanicals, Carotenoids, Flavonoids",244000,"Ningbo Honor Chemtech Co., Ltd.",China,Distributor,https://www.ingredientsnetwork.com/astragalus-extract-prod098298.html,No,Yes,Yes
Ingredient,98300,Bilberry extract,"Additives incl. Flavourings & Colours | Algae, Botanicals, Carotenoids, Flavonoids",244000,"Ningbo Honor Chemtech Co., Ltd.",China,Distributor,https://www.ingredientsnetwork.com/bilberry-extract-prod098300.html,No,Yes,Yes
Ingredient,98346,Berberline sulfate,"Algae, Botanicals, Carotenoids, Flavonoids",244000,"Ningbo Honor Chemtech Co., Ltd.",China,Distributor,https://www.ingredientsnetwork.com/berberline-sulfate-prod098346.html,No,Yes,Yes
Ingredient,99969,Glucurolactone,Bioactive Compounds - Other,242880,Anhui Fubore Pharmaceutical & Chemical,China,,https://www.ingredientsnetwork.com/glucurolactone-prod099969.html,No,No,No
Ingredient,99970,1-Phenyl-3-Methyl-5-Pyrazolone,Additives incl. Flavourings & Colours,242880,Anhui Fubore Pharmaceutical & Chemical,China,,https://www.ingredientsnetwork.com/1-phenyl-3-methyl-5-pyrazolone-prod099970.html,No,No,No
Ingredient,111361,Aquamin Magnesium,"Vitamins, Minerals",248761,Marigot Ltd,Ireland,Manufacturer: Ingredients / Additives,https://www.ingredientsnetwork.com/aquamin-magnesium-prod111361.html,No,No,No
Ingredient,111377,Flavours,Additives incl. Flavourings & Colours,249375,IGH Flavours & Technology S.A.,Spain,Manufacturer: Ingredients / Additives,https://www.ingredientsnetwork.com/flavours-prod111377.html,No,Yes,No
Finished Product,111378,"Sauces, Toppings , Creams",Finished Food Categories,249375,IGH Flavours & Technology S.A.,Spain,Manufacturer: Ingredients / Additives,https://www.ingredientsnetwork.com/sauces-toppings-creams-prod111378.html,No,Yes,No
Ingredient,111599,Xtendra BHA,"Additives incl. Flavourings & Colours | Ingredient Mixtures, Synbiotics",248751,Camlin Fine Sciences Ltd,India,Raw Material Supplier,https://www.ingredientsnetwork.com/xtendra-bha-prod111599.html,No,No,Yes
Ingredient,111600,Xtendra Ascorbyl Palmitate (traditional antioxidants),Additives incl. Flavourings & Colours,248751,Camlin Fine Sciences Ltd,India,Raw Material Supplier,https://www.ingredientsnetwork.com/xtendra-ascorbyl-palmitate-traditional-prod111600.html,No,No,Yes
Ingredient,111601,Ammonium Glycyrrhizate,"Additives incl. Flavourings & Colours | Algae, Botanicals, Carotenoids, Flavonoids",249040,Indena SpA,Italy,,https://www.ingredientsnetwork.com/ammonium-glycyrrhizate-prod111601.html,Yes,Yes,No
Ingredient,111602,Cinchona Extract,"Additives incl. Flavourings & Colours | Algae, Botanicals, Carotenoids, Flavonoids",249040,Indena SpA,Italy,,https://www.ingredientsnetwork.com/cinchona-extract-prod111602.html,Yes,Yes,No
Ingredient,111603,Ginger Extract,"Additives incl. Flavourings & Colours | Herbs, Spices",249040,Indena SpA,Italy,,https://www.ingredientsnetwork.com/ginger-extract-prod111603.html,Yes,Yes,No
Ingredient,111609,Alder Buckthorn Extract,"Herbs, Spices",249040,Indena SpA,Italy,,https://www.ingredientsnetwork.com/alder-buckthorn-extract-prod111609.html,Yes,Yes,No
Ingredient | Finished Product,111611,Beanblock®,"Additives incl. Flavourings & Colours | Carbohydrates, Sugars | Finished Food Categories | Specialised Finished Products",249040,Indena SpA,Italy,,https://www.ingredientsnetwork.com/beanblock-prod111611.html,Yes,Yes,No
Ingredient | Finished Product,111612,Bilear™,Additives incl. Flavourings & Colours | Specialised Finished Products,249040,Indena SpA,Italy,,https://www.ingredientsnetwork.com/bilear-prod111612.html,Yes,Yes,No
Ingredient,111620,Centella Asiatica Selected Triterpenes Phytosome®,"Algae, Botanicals, Carotenoids, Flavonoids | Bioactive Compounds - Other",249040,Indena SpA,Italy,,https://www.ingredientsnetwork.com/centella-asiatica-selected-triterpenes-phytosome-prod111620.html,Yes,Yes,No
Ingredient,111621,Centevita™,"Algae, Botanicals, Carotenoids, Flavonoids",249040,Indena SpA,Italy,,https://www.ingredientsnetwork.com/centevita-prod111621.html,Yes,Yes,No
Ingredient,111626,Devil’S Claw,"Algae, Botanicals, Carotenoids, Flavonoids",249040,Indena SpA,Italy,,https://www.ingredientsnetwork.com/devil-s-claw-prod111626.html,Yes,Yes,No
Ingredient | Finished Product,111627,Echinacea Purpurea Extract,"Algae, Botanicals, Carotenoids, Flavonoids | Specialised Finished Products",249040,Indena SpA,Italy,,https://www.ingredientsnetwork.com/echinacea-purpurea-extract-prod111627.html,Yes,Yes,No
Ingredient,111628,Eleutherococcus Extract,"Algae, Botanicals, Carotenoids, Flavonoids",249040,Indena SpA,Italy,,https://www.ingredientsnetwork.com/eleutherococcus-extract-prod111628.html,Yes,Yes,No
Ingredient | Finished Product,111629,Enovita®,Additives incl. Flavourings & Colours | Specialised Finished Products,249040,Indena SpA,Italy,,https://www.ingredientsnetwork.com/enovita-prod111629.html,Yes,Yes,No
Ingredient | Finished Product,111630,Gikacran®,"Additives incl. Flavourings & Colours | Algae, Botanicals, Carotenoids, Flavonoids | Specialised Finished Products",249040,Indena SpA,Italy,,https://www.ingredientsnetwork.com/gikacran-prod111630.html,Yes,Yes,No
Ingredient,111697,Casein: Acid Casein,"Dairy Ingredients | Proteins, Enzymes, Amino Acids",248762,MEGGLE GmbH & Co. KG,Germany,Manufacturer: Ingredients / Additives,https://www.ingredientsnetwork.com/casein-acid-casein-prod111697.html,No,No,No
Ingredient,111703,Edible Lactose: Meggletose® B,"Additives incl. Flavourings & Colours | Carbohydrates, Sugars",248762,MEGGLE GmbH & Co. KG,Germany,Manufacturer: Ingredients / Additives,https://www.ingredientsnetwork.com/edible-lactose-meggletose-b-prod111703.html,No,No,No
Ingredient,111706,Infant Lactose: Meggletose® INFANT,"Carbohydrates, Sugars",248762,MEGGLE GmbH & Co. KG,Germany,Manufacturer: Ingredients / Additives,https://www.ingredientsnetwork.com/infant-lactose-meggletose-infant-prod111706.html,No,No,No
Ingredient,111750,Ascorbate Calcium,Additives incl. Flavourings & Colours,248819,Atlantic Chemicals Trading GmbH,Germany,Distributor,https://www.ingredientsnetwork.com/ascorbate-calcium-prod111750.html,Yes,Yes,Yes
Ingredient,111751,Ascorbate Sodium,"Additives incl. Flavourings & Colours | Vitamins, Minerals",248819,Atlantic Chemicals Trading GmbH,Germany,Distributor,https://www.ingredientsnetwork.com/ascorbate-sodium-prod111751.html,Yes,Yes,Yes
Ingredient,111752,Ascorbic Acid (Vitamin C),Additives incl. Flavourings & Colours,248819,Atlantic Chemicals Trading GmbH,Germany,Distributor,https://www.ingredientsnetwork.com/ascorbic-acid-vitamin-c-prod111752.html,Yes,Yes,Yes
Ingredient,111753,Biotine (Vitamin H),"Vitamins, Minerals",248819,Atlantic Chemicals Trading GmbH,Germany,Distributor,https://www.ingredientsnetwork.com/biotine-vitamin-h-prod111753.html,Yes,Yes,Yes
Ingredient,111755,Pantothenic Acid / D-Calcium Pantothenat (Vitamin B5),"Vitamins, Minerals",248819,Atlantic Chemicals Trading GmbH,Germany,Distributor,https://www.ingredientsnetwork.com/pantothenic-acid-d-calcium-pantothenat-vitamin-b5-prod111755.html,Yes,Yes,Yes
Ingredient,111756,DL-Alpha-Tocopherylacetate (Vitamin E),"Vitamins, Minerals",248819,Atlantic Chemicals Trading GmbH,Germany,Distributor,https://www.ingredientsnetwork.com/dl-alpha-tocopherylacetate-vitamin-e-prod111756.html,Yes,Yes,Yes
Ingredient,111757,Folic Acid (Vitamin B9),"Vitamins, Minerals",248819,Atlantic Chemicals Trading GmbH,Germany,Distributor,https://www.ingredientsnetwork.com/folic-acid-vitamin-b9-prod111757.html,Yes,Yes,Yes
Ingredient,111758,Niacinamide (Vitamin B3),"Vitamins, Minerals",248819,Atlantic Chemicals Trading GmbH,Germany,Distributor,https://www.ingredientsnetwork.com/niacinamide-vitamin-b3-prod111758.html,Yes,Yes,Yes
Ingredient,111759,Pyridoxine HCL (Vitamin B6),"Vitamins, Minerals",248819,Atlantic Chemicals Trading GmbH,Germany,Distributor,https://www.ingredientsnetwork.com/pyridoxine-hcl-vitamin-b6-prod111759.html,Yes,Yes,Yes
Ingredient,111760,Riboflavine (Vitamin B2),"Vitamins, Minerals",248819,Atlantic Chemicals Trading GmbH,Germany,Distributor,https://www.ingredientsnetwork.com/riboflavine-vitamin-b2-prod111760.html,Yes,Yes,Yes
Ingredient,111761,Thiamine (Vitamin B1),"Vitamins, Minerals",248819,Atlantic Chemicals Trading GmbH,Germany,Distributor,https://www.ingredientsnetwork.com/thiamine-vitamin-b1-prod111761.html,Yes,Yes,Yes
Ingredient,111763,Citric Acid,Additives incl. Flavourings & Colours,248819,Atlantic Chemicals Trading GmbH,Germany,Distributor,https://www.ingredientsnetwork.com/citric-acid-prod111763.html,Yes,Yes,Yes
Ingredient,111764,Erythorbate Sodium,Additives incl. Flavourings & Colours,248819,Atlantic Chemicals Trading GmbH,Germany,Distributor,https://www.ingredientsnetwork.com/erythorbate-sodium-prod111764.html,Yes,Yes,Yes
Ingredient,111765,Erythorbic Acid,Additives incl. Flavourings & Colours,248819,Atlantic Chemicals Trading GmbH,Germany,Distributor,https://www.ingredientsnetwork.com/erythorbic-acid-prod111765.html,Yes,Yes,Yes
Ingredient,111767,Potassium Sorbate,Additives incl. Flavourings & Colours,248819,Atlantic Chemicals Trading GmbH,Germany,Distributor,https://www.ingredientsnetwork.com/potassium-sorbate-prod111767.html,Yes,Yes,Yes
Ingredient,111768,Sorbic Acid,Additives incl. Flavourings & Colours,248819,Atlantic Chemicals Trading GmbH,Germany,Distributor,https://www.ingredientsnetwork.com/sorbic-acid-prod111768.html,Yes,Yes,Yes
Ingredient,111769,Trisodium Citrate,Additives incl. Flavourings & Colours,248819,Atlantic Chemicals Trading GmbH,Germany,Distributor,https://www.ingredientsnetwork.com/trisodium-citrate-prod111769.html,Yes,Yes,Yes
Ingredient | Finished Product,111771,"Caffeine Anhydrous, natural and synthetic","Algae, Botanicals, Carotenoids, Flavonoids | Specialised Finished Products",248819,Atlantic Chemicals Trading GmbH,Germany,Distributor,https://www.ingredientsnetwork.com/caffeine-anhydrous-natural-and-synthetic-prod111771.html,Yes,Yes,Yes
Ingredient,111772,Creatine,Bioactive Compounds - Other,248819,Atlantic Chemicals Trading GmbH,Germany,Distributor,https://www.ingredientsnetwork.com/creatine-prod111772.html,Yes,Yes,Yes
Ingredient,111773,Glucuronolactone,Bioactive Compounds - Other,248819,Atlantic Chemicals Trading GmbH,Germany,Distributor,https://www.ingredientsnetwork.com/glucuronolactone-prod111773.html,Yes,Yes,Yes
Ingredient,111775,Guarana Extract 10% / 22%,"Algae, Botanicals, Carotenoids, Flavonoids",248819,Atlantic Chemicals Trading GmbH,Germany,Distributor,https://www.ingredientsnetwork.com/guarana-extract-10-22-prod111775.html,Yes,Yes,Yes
Ingredient | Finished Product,111777,Taurine,"Proteins, Enzymes, Amino Acids | Specialised Finished Products",248819,Atlantic Chemicals Trading GmbH,Germany,Distributor,https://www.ingredientsnetwork.com/taurine-prod111777.html,Yes,Yes,Yes
Ingredient,111778,Acesulfame-K,Additives incl. Flavourings & Colours,248819,Atlantic Chemicals Trading GmbH,Germany,Distributor,https://www.ingredientsnetwork.com/acesulfame-k-prod111778.html,Yes,Yes,Yes
Ingredient,111779,Aspartame,Additives incl. Flavourings & Colours,248819,Atlantic Chemicals Trading GmbH,Germany,Distributor,https://www.ingredientsnetwork.com/aspartame-prod111779.html,Yes,Yes,Yes
Ingredient,111780,Erythritol / Organic Erythritol,Additives incl. Flavourings & Colours,248819,Atlantic Chemicals Trading GmbH,Germany,Distributor,https://www.ingredientsnetwork.com/erythritol-organic-erythritol-prod111780.html,Yes,Yes,Yes
Ingredient,111783,Saccharin Base/Sodium,Additives incl. Flavourings & Colours,248819,Atlantic Chemicals Trading GmbH,Germany,Distributor,https://www.ingredientsnetwork.com/saccharin-base-sodium-prod111783.html,Yes,Yes,Yes
Ingredient,111784,Cyclamate Sodium,Additives incl. Flavourings & Colours,248819,Atlantic Chemicals Trading GmbH,Germany,Distributor,https://www.ingredientsnetwork.com/cyclamate-sodium-prod111784.html,Yes,Yes,Yes
Ingredient,111788,Stevia Extracts & Blends SanaSweet®,Additives incl. Flavourings & Colours,248819,Atlantic Chemicals Trading GmbH,Germany,Distributor,https://www.ingredientsnetwork.com/stevia-extracts-blends-sanasweet-prod111788.html,Yes,Yes,Yes
Ingredient,111795,Sucralose / Sucralose Liquid,Additives incl. Flavourings & Colours,248819,Atlantic Chemicals Trading GmbH,Germany,Distributor,https://www.ingredientsnetwork.com/sucralose-sucralose-liquid-prod111795.html,Yes,Yes,Yes
Ingredient,111796,Xylitol / Organic Xylitol,Additives incl. Flavourings & Colours,248819,Atlantic Chemicals Trading GmbH,Germany,Distributor,https://www.ingredientsnetwork.com/xylitol-organic-xylitol-prod111796.html,Yes,Yes,Yes
Ingredient,111797,Ethyl-Maltol,Additives incl. Flavourings & Colours,248819,Atlantic Chemicals Trading GmbH,Germany,Distributor,https://www.ingredientsnetwork.com/ethyl-maltol-prod111797.html,Yes,Yes,Yes
Ingredient,111801,"Menthol (L - Menthol) natural, (L-Menthol, DL-Menthol) synthetic",Additives incl. Flavourings & Colours,248819,Atlantic Chemicals Trading GmbH,Germany,Distributor,https://www.ingredientsnetwork.com/menthol-l-menthol-natural-l-menthol-dl-menthol-prod111801.html,Yes,Yes,Yes
Ingredient,111804,Mint Oills (Mentha Arvensis / Piperita / Spicata / DMO) Natural,Additives incl. Flavourings & Colours,248819,Atlantic Chemicals Trading GmbH,Germany,Distributor,https://www.ingredientsnetwork.com/mint-oills-mentha-arvensis-piperita-spicata-dmo-prod111804.html,Yes,Yes,Yes
Ingredient,111805,Saffron,"Additives incl. Flavourings & Colours | Herbs, Spices",248819,Atlantic Chemicals Trading GmbH,Germany,Distributor,https://www.ingredientsnetwork.com/saffron-prod111805.html,Yes,Yes,Yes
Ingredient,111807,Vanillin,Additives incl. Flavourings & Colours,248819,Atlantic Chemicals Trading GmbH,Germany,Distributor,https://www.ingredientsnetwork.com/vanillin-prod111807.html,Yes,Yes,Yes
Ingredient,111808,BCAA Instant (Branched Chain Amino Acids),"Proteins, Enzymes, Amino Acids",248819,Atlantic Chemicals Trading GmbH,Germany,Distributor,https://www.ingredientsnetwork.com/bcaa-instant-branched-chain-amino-acids-prod111808.html,Yes,Yes,Yes
Ingredient,111809,Beta-Alanine,"Proteins, Enzymes, Amino Acids",248819,Atlantic Chemicals Trading GmbH,Germany,Distributor,https://www.ingredientsnetwork.com/beta-alanine-prod111809.html,Yes,Yes,Yes
Ingredient,111810,DL- / L-Methionine,"Proteins, Enzymes, Amino Acids",248819,Atlantic Chemicals Trading GmbH,Germany,Distributor,https://www.ingredientsnetwork.com/dl-l-methionine-prod111810.html,Yes,Yes,Yes
Ingredient,111812,Gamma-Aminobutyric Acid,"Proteins, Enzymes, Amino Acids",248819,Atlantic Chemicals Trading GmbH,Germany,Distributor,https://www.ingredientsnetwork.com/gamma-aminobutyric-acid-prod111812.html,Yes,Yes,Yes
Ingredient,111813,Glutathione,Bioactive Compounds - Other,248819,Atlantic Chemicals Trading GmbH,Germany,Distributor,https://www.ingredientsnetwork.com/glutathione-prod111813.html,Yes,Yes,Yes
Ingredient,111814,Glycine,"Proteins, Enzymes, Amino Acids",248819,Atlantic Chemicals Trading GmbH,Germany,Distributor,https://www.ingredientsnetwork.com/glycine-prod111814.html,Yes,Yes,Yes
Ingredient,111815,L-Arginine,"Proteins, Enzymes, Amino Acids",248819,Atlantic Chemicals Trading GmbH,Germany,Distributor,https://www.ingredientsnetwork.com/l-arginine-prod111815.html,Yes,Yes,Yes
Ingredient,111817,L-Carnitine Base / Tartrate / 50%,"Proteins, Enzymes, Amino Acids",248819,Atlantic Chemicals Trading GmbH,Germany,Distributor,https://www.ingredientsnetwork.com/l-carnitine-base-tartrate-50-prod111817.html,Yes,Yes,Yes
Ingredient,111819,L-Citrulline DL-Malate,"Additives incl. Flavourings & Colours | Proteins, Enzymes, Amino Acids",248819,Atlantic Chemicals Trading GmbH,Germany,Distributor,https://www.ingredientsnetwork.com/l-citrulline-dl-malate-prod111819.html,Yes,Yes,Yes
Ingredient,111820,L-Cystein Base / Mono HCL / Anhydrous,"Proteins, Enzymes, Amino Acids",248819,Atlantic Chemicals Trading GmbH,Germany,Distributor,https://www.ingredientsnetwork.com/l-cystein-base-mono-hcl-anhydrous-prod111820.html,Yes,Yes,Yes
Ingredient,111821,L-Glutamine,"Proteins, Enzymes, Amino Acids",248819,Atlantic Chemicals Trading GmbH,Germany,Distributor,https://www.ingredientsnetwork.com/l-glutamine-prod111821.html,Yes,Yes,Yes
Ingredient,111822,L-Isoleucine,"Proteins, Enzymes, Amino Acids",248819,Atlantic Chemicals Trading GmbH,Germany,Distributor,https://www.ingredientsnetwork.com/l-isoleucine-prod111822.html,Yes,Yes,Yes
Ingredient,111823,L-Leucine,"Proteins, Enzymes, Amino Acids",248819,Atlantic Chemicals Trading GmbH,Germany,Distributor,https://www.ingredientsnetwork.com/l-leucine-prod111823.html,Yes,Yes,Yes
Ingredient,111824,L-Lysine,"Proteins, Enzymes, Amino Acids",248819,Atlantic Chemicals Trading GmbH,Germany,Distributor,https://www.ingredientsnetwork.com/l-lysine-prod111824.html,Yes,Yes,Yes
Ingredient,111825,L-Ornithine,"Proteins, Enzymes, Amino Acids",248819,Atlantic Chemicals Trading GmbH,Germany,Distributor,https://www.ingredientsnetwork.com/l-ornithine-prod111825.html,Yes,Yes,Yes
Ingredient,111826,L-Proline,"Proteins, Enzymes, Amino Acids",248819,Atlantic Chemicals Trading GmbH,Germany,Distributor,https://www.ingredientsnetwork.com/l-proline-prod111826.html,Yes,Yes,Yes
Ingredient,111827,L-Threonine,"Proteins, Enzymes, Amino Acids",248819,Atlantic Chemicals Trading GmbH,Germany,Distributor,https://www.ingredientsnetwork.com/l-threonine-prod111827.html,Yes,Yes,Yes
Ingredient,111828,L-Tryptophane,"Proteins, Enzymes, Amino Acids",248819,Atlantic Chemicals Trading GmbH,Germany,Distributor,https://www.ingredientsnetwork.com/l-tryptophane-prod111828.html,Yes,Yes,Yes
Ingredient,111829,L-Tyrosine,"Proteins, Enzymes, Amino Acids",248819,Atlantic Chemicals Trading GmbH,Germany,Distributor,https://www.ingredientsnetwork.com/l-tyrosine-prod111829.html,Yes,Yes,Yes
Ingredient,111830,L-Valine,"Proteins, Enzymes, Amino Acids",248819,Atlantic Chemicals Trading GmbH,Germany,Distributor,https://www.ingredientsnetwork.com/l-valine-prod111830.html,Yes,Yes,Yes
Ingredient,111831,Chondroitin,Bioactive Compounds - Other,248819,Atlantic Chemicals Trading GmbH,Germany,Distributor,https://www.ingredientsnetwork.com/chondroitin-prod111831.html,Yes,Yes,Yes
Ingredient,111834,Quinine,Additives incl. Flavourings & Colours,248819,Atlantic Chemicals Trading GmbH,Germany,Distributor,https://www.ingredientsnetwork.com/quinine-prod111834.html,Yes,Yes,Yes
Ingredient,111836,Ethyl-Vanillin,Additives incl. Flavourings & Colours,248819,Atlantic Chemicals Trading GmbH,Germany,Distributor,https://www.ingredientsnetwork.com/ethyl-vanillin-prod111836.html,Yes,Yes,Yes
Ingredient,111837,Riboflavine-5-Phosphate Thiamine (Vitamin B1),"Vitamins, Minerals",248819,Atlantic Chemicals Trading GmbH,Germany,Distributor,https://www.ingredientsnetwork.com/riboflavine-5-phosphate-thiamine-vitamin-b1-prod111837.html,Yes,Yes,Yes
Ingredient,111839,Guar Gum,Additives incl. Flavourings & Colours,248819,Atlantic Chemicals Trading GmbH,Germany,Distributor,https://www.ingredientsnetwork.com/guar-gum-prod111839.html,Yes,Yes,Yes
Ingredient,111840,Guar Meal,"Dietary Fibres, Prebiotics",248819,Atlantic Chemicals Trading GmbH,Germany,Distributor,https://www.ingredientsnetwork.com/guar-meal-prod111840.html,Yes,Yes,Yes
Ingredient,111841,Xanthan Gum,Additives incl. Flavourings & Colours,248819,Atlantic Chemicals Trading GmbH,Germany,Distributor,https://www.ingredientsnetwork.com/xanthan-gum-prod111841.html,Yes,Yes,Yes
Ingredient,111955,Gum Acacia,"Additives incl. Flavourings & Colours | Dietary Fibres, Prebiotics",248696,Alland & Robert,France,Manufacturer: Ingredients / Additives,https://www.ingredientsnetwork.com/gum-acacia-prod111955.html,No,No,No
Ingredient,111956,Gum karaya,"Additives incl. Flavourings & Colours | Dietary Fibres, Prebiotics",248696,Alland & Robert,France,Manufacturer: Ingredients / Additives,https://www.ingredientsnetwork.com/gum-karaya-prod111956.html,No,No,No
Ingredient,111958,ALPAVIT WPC 30,"Ingredient Mixtures, Synbiotics | Proteins, Enzymes, Amino Acids",248701,ALPAVIT GmbH & Co. KG,Germany,Manufacturer: Ingredients / Additives,https://www.ingredientsnetwork.com/alpavit-wpc-30-prod111958.html,No,Yes,No
Ingredient,111959,ALPAVIT Demin 50,"Additives incl. Flavourings & Colours | Ingredient Mixtures, Synbiotics",248701,ALPAVIT GmbH & Co. KG,Germany,Manufacturer: Ingredients / Additives,https://www.ingredientsnetwork.com/alpavit-demin-50-prod111959.html,No,Yes,No
Ingredient,111960,ALPAVIT Demin 70,"Carbohydrates, Sugars | Proteins, Enzymes, Amino Acids | Vitamins, Minerals",248701,ALPAVIT GmbH & Co. KG,Germany,Manufacturer: Ingredients / Additives,https://www.ingredientsnetwork.com/alpavit-demin-70-prod111960.html,No,Yes,No
Ingredient,111961,ALPAVIT Organic Lactose Edible,Additives incl. Flavourings & Colours,248701,ALPAVIT GmbH & Co. KG,Germany,Manufacturer: Ingredients / Additives,https://www.ingredientsnetwork.com/alpavit-organic-lactose-edible-prod111961.html,No,Yes,No
Ingredient,111962,ALPAVIT Whole Milk Powder RD,Dairy Ingredients,248701,ALPAVIT GmbH & Co. KG,Germany,Manufacturer: Ingredients / Additives,https://www.ingredientsnetwork.com/alpavit-whole-milk-powder-rd-prod111962.html,No,Yes,No
Ingredient,111972,KLEISTASE PLF3,"Proteins, Enzymes, Amino Acids",248812,Amano Enzyme,United Kingdom,Manufacturer: Ingredients / Additives,https://www.ingredientsnetwork.com/kleistase-plf3-prod111972.html,No,No,No
Ingredient,111994,Dextranase L 'Amano',"Proteins, Enzymes, Amino Acids",248812,Amano Enzyme,United Kingdom,Manufacturer: Ingredients / Additives,https://www.ingredientsnetwork.com/dextranase-l-amano-prod111994.html,No,No,No
Ingredient,112884,Buttermilk Buds®,"Dairy Ingredients | Fungi & Yeasts, Microorganisms & Probiotics, Mushrooms",248748,Butter Buds,United States,,https://www.ingredientsnetwork.com/buttermilk-buds-prod112884.html,No,No,No
Ingredient,112897,Butter Buds 8X,Additives incl. Flavourings & Colours,248748,Butter Buds,United States,,https://www.ingredientsnetwork.com/butter-buds-8x-prod112897.html,No,No,No
Ingredient,112899,Butter Buds 16X,Additives incl. Flavourings & Colours,248748,Butter Buds,United States,,https://www.ingredientsnetwork.com/butter-buds-16x-prod112899.html,No,No,No
Ingredient,112901,Butter Buds 32X,Additives incl. Flavourings & Colours,248748,Butter Buds,United States,,https://www.ingredientsnetwork.com/butter-buds-32x-prod112901.html,No,No,No
Ingredient,112902,Butter Buds-Asia,Additives incl. Flavourings & Colours,248748,Butter Buds,United States,,https://www.ingredientsnetwork.com/butter-buds-asia-prod112902.html,No,No,No
Ingredient,112904,Butter Flavor HF,Additives incl. Flavourings & Colours,248748,Butter Buds,United States,,https://www.ingredientsnetwork.com/butter-flavor-hf-prod112904.html,No,No,No
Ingredient,112905,Butter Buds-Ghee,Fats & Oils,248748,Butter Buds,United States,,https://www.ingredientsnetwork.com/butter-buds-ghee-prod112905.html,No,No,No
Ingredient,112906,Butter Sauce 6.0,Additives incl. Flavourings & Colours,248748,Butter Buds,United States,,https://www.ingredientsnetwork.com/butter-sauce-6-0-prod112906.html,No,No,No
Ingredient,112907,Butter Base 20,"Additives incl. Flavourings & Colours | Ingredient Mixtures, Synbiotics",248748,Butter Buds,United States,,https://www.ingredientsnetwork.com/butter-base-20-prod112907.html,No,No,No
Ingredient,112908,Butter Base 100,"Additives incl. Flavourings & Colours | Ingredient Mixtures, Synbiotics",248748,Butter Buds,United States,,https://www.ingredientsnetwork.com/butter-base-100-prod112908.html,No,No,No
Ingredient,112909,Butter Base NZ,Additives incl. Flavourings & Colours | Fats & Oils,248748,Butter Buds,United States,,https://www.ingredientsnetwork.com/butter-base-nz-prod112909.html,No,No,No
Ingredient,112911,Cheese Buds-Aged Cheddar,"Dairy Ingredients | Proteins, Enzymes, Amino Acids",248748,Butter Buds,United States,,https://www.ingredientsnetwork.com/cheese-buds-aged-cheddar-prod112911.html,No,No,No
Ingredient,112912,Cheese Buds-American,"Dairy Ingredients | Ingredient Mixtures, Synbiotics",248748,Butter Buds,United States,,https://www.ingredientsnetwork.com/cheese-buds-american-prod112912.html,No,No,No
Ingredient,112913,Cheese Buds-Asiago,Dairy Ingredients,248748,Butter Buds,United States,,https://www.ingredientsnetwork.com/cheese-buds-asiago-prod112913.html,No,No,No
Ingredient,112914,Cheese Buds-Bleu,"Additives incl. Flavourings & Colours | Ingredient Mixtures, Synbiotics",248748,Butter Buds,United States,,https://www.ingredientsnetwork.com/cheese-buds-bleu-prod112914.html,No,No,No
Ingredient,112915,Cheese Buds-Cheddar,"Dairy Ingredients | Ingredient Mixtures, Synbiotics",248748,Butter Buds,United States,,https://www.ingredientsnetwork.com/cheese-buds-cheddar-prod112915.html,No,No,No
Ingredient,112916,Cheese Buds-Cheddar-Ex,"Additives incl. Flavourings & Colours | Ingredient Mixtures, Synbiotics",248748,Butter Buds,United States,,https://www.ingredientsnetwork.com/cheese-buds-cheddar-ex-prod112916.html,No,No,No
Ingredient,112917,Cheese Buds-Cream Cheese,"Dairy Ingredients | Proteins, Enzymes, Amino Acids",248748,Butter Buds,United States,,https://www.ingredientsnetwork.com/cheese-buds-cream-cheese-prod112917.html,No,No,No
Ingredient,112927,Cheese Buds Paste-Aged Cheddar,Additives incl. Flavourings & Colours | Dairy Ingredients,248748,Butter Buds,United States,,https://www.ingredientsnetwork.com/cheese-buds-paste-aged-cheddar-prod112927.html,No,No,No
Ingredient,112928,Cheese Buds Paste-Bleu,Additives incl. Flavourings & Colours | Dairy Ingredients,248748,Butter Buds,United States,,https://www.ingredientsnetwork.com/cheese-buds-paste-bleu-prod112928.html,No,No,No
Ingredient,112929,Cheese Buds Paste-Cheddar,Additives incl. Flavourings & Colours | Dairy Ingredients,248748,Butter Buds,United States,,https://www.ingredientsnetwork.com/cheese-buds-paste-cheddar-prod112929.html,No,No,No
Ingredient,112930,Cheese Buds Paste-Parmesan,"Additives incl. Flavourings & Colours | Ingredient Mixtures, Synbiotics | Proteins, Enzymes, Amino Acids",248748,Butter Buds,United States,,https://www.ingredientsnetwork.com/cheese-buds-paste-parmesan-prod112930.html,No,No,No
Ingredient,112931,Cheese Buds Paste-Romano,"Dairy Ingredients | Proteins, Enzymes, Amino Acids",248748,Butter Buds,United States,,https://www.ingredientsnetwork.com/cheese-buds-paste-romano-prod112931.html,No,No,No
Ingredient,112942,Butter Buds-Bacon™,"Additives incl. Flavourings & Colours | Ingredient Mixtures, Synbiotics",248748,Butter Buds,United States,,https://www.ingredientsnetwork.com/butter-buds-bacon-prod112942.html,No,No,No
Ingredient,112949,Cheese Buds-American,Fats & Oils,248748,Butter Buds,United States,,https://www.ingredientsnetwork.com/cheese-buds-american-prod112949.html,No,No,No
Ingredient,112953,Optipep™ Hydrolysed Whey Protein,"Proteins, Enzymes, Amino Acids",248881,Carbery Food Ingredients Ltd.,Ireland,,https://www.ingredientsnetwork.com/optipep-hydrolysed-whey-protein-prod112953.html,No,No,No
Ingredient,112954,Isolac® Whey Protein Isolate,"Proteins, Enzymes, Amino Acids",248881,Carbery Food Ingredients Ltd.,Ireland,,https://www.ingredientsnetwork.com/isolac-whey-protein-isolate-prod112954.html,No,No,No
Ingredient,112992,CITRUS FIBRE,"Dietary Fibres, Prebiotics | Fruit, Seeds, Nuts & Peanuts, Vegetables",248766,Ceamsa,Spain,Manufacturer: Ingredients / Additives,https://www.ingredientsnetwork.com/citrus-fibre-prod112992.html,No,Yes,No
Ingredient,113172,Suprasel basic salt,"Vitamins, Minerals",248694,Nouryon,Netherlands,Manufacturer: Ingredients / Additives,https://www.ingredientsnetwork.com/suprasel-basic-salt-prod113172.html,No,No,No
Ingredient,113188,Altratene 1% WSC/PF,Additives incl. Flavourings & Colours,248697,Allied Biotech Europe GmbH,Germany,Manufacturer: Ingredients / Additives,https://www.ingredientsnetwork.com/altratene-1-wsc-pf-prod113188.html,No,Yes,No
Ingredient,113189,Altratene 5% WSC,Additives incl. Flavourings & Colours,248697,Allied Biotech Europe GmbH,Germany,Manufacturer: Ingredients / Additives,https://www.ingredientsnetwork.com/altratene-5-wsc-prod113189.html,No,Yes,No
Ingredient,113190,Altratene 10% WSC-RED,Additives incl. Flavourings & Colours,248697,Allied Biotech Europe GmbH,Germany,Manufacturer: Ingredients / Additives,https://www.ingredientsnetwork.com/altratene-10-wsc-red-prod113190.html,No,Yes,No
Ingredient,113191,Altratene 20% WSC-RED,Additives incl. Flavourings & Colours,248697,Allied Biotech Europe GmbH,Germany,Manufacturer: Ingredients / Additives,https://www.ingredientsnetwork.com/altratene-20-wsc-red-prod113191.html,No,Yes,No
Ingredient,113423,Cattle Cake,"Additives incl. Flavourings & Colours | Dietary Fibres, Prebiotics | Fruit, Seeds, Nuts & Peanuts, Vegetables | Proteins, Enzymes, Amino Acids",249072,Bonabio S.A.S.,France,,https://www.ingredientsnetwork.com/cattle-cake-prod113423.html,No,No,No
Ingredient,113429,Deodorised Oils (200kgs metal drum),Fats & Oils,249072,Bonabio S.A.S.,France,,https://www.ingredientsnetwork.com/deodorised-oils-200kgs-metal-drum-prod113429.html,No,No,No
Ingredient,113430,Deodorised Oils (1000 liter plastic cubitainer),Fats & Oils,249072,Bonabio S.A.S.,France,,https://www.ingredientsnetwork.com/deodorised-oils-1000-liter-plastic-cubitainer-prod113430.html,No,No,No
Ingredient,114535,Agar Agar,"Additives incl. Flavourings & Colours | Dietary Fibres, Prebiotics",248799,a2 Trading GmbH,Germany,Distributor,https://www.ingredientsnetwork.com/agar-agar-prod114535.html,Yes,No,No
Ingredient,114536,Carrageenan,Additives incl. Flavourings & Colours,248799,a2 Trading GmbH,Germany,Distributor,https://www.ingredientsnetwork.com/carrageenan-prod114536.html,Yes,No,No
Ingredient,114537,Guar Gum,Additives incl. Flavourings & Colours,248799,a2 Trading GmbH,Germany,Distributor,https://www.ingredientsnetwork.com/guar-gum-prod114537.html,Yes,No,No
Ingredient,114538,Locust bean gum,Additives incl. Flavourings & Colours,248799,a2 Trading GmbH,Germany,Distributor,https://www.ingredientsnetwork.com/locust-bean-gum-prod114538.html,Yes,No,No
Ingredient,114540,Gum Arabic,Additives incl. Flavourings & Colours,248799,a2 Trading GmbH,Germany,Distributor,https://www.ingredientsnetwork.com/gum-arabic-prod114540.html,Yes,No,No
Ingredient,114542,Konjac,"Dietary Fibres, Prebiotics",248799,a2 Trading GmbH,Germany,Distributor,https://www.ingredientsnetwork.com/konjac-prod114542.html,Yes,No,No
Ingredient,114543,Gellan Gum,Additives incl. Flavourings & Colours,248799,a2 Trading GmbH,Germany,Distributor,https://www.ingredientsnetwork.com/gellan-gum-prod114543.html,Yes,No,No
Ingredient,114544,Ghatti,"Additives incl. Flavourings & Colours | Dietary Fibres, Prebiotics",248799,a2 Trading GmbH,Germany,Distributor,https://www.ingredientsnetwork.com/ghatti-prod114544.html,Yes,No,No
Ingredient,114546,Gum Karaya,Additives incl. Flavourings & Colours,248799,a2 Trading GmbH,Germany,Distributor,https://www.ingredientsnetwork.com/gum-karaya-prod114546.html,Yes,No,No
Ingredient,114548,Cassia,"Additives incl. Flavourings & Colours | Dietary Fibres, Prebiotics",248799,a2 Trading GmbH,Germany,Distributor,https://www.ingredientsnetwork.com/cassia-prod114548.html,Yes,No,No
Ingredient,114549,Psyllium,"Dietary Fibres, Prebiotics",248799,a2 Trading GmbH,Germany,Distributor,https://www.ingredientsnetwork.com/psyllium-prod114549.html,Yes,No,No
Ingredient,114552,Gum mastic,"Additives incl. Flavourings & Colours | Algae, Botanicals, Carotenoids, Flavonoids",248799,a2 Trading GmbH,Germany,Distributor,https://www.ingredientsnetwork.com/gum-mastic-prod114552.html,Yes,No,No
Ingredient,114557,Carmine,Additives incl. Flavourings & Colours,248799,a2 Trading GmbH,Germany,Distributor,https://www.ingredientsnetwork.com/carmine-prod114557.html,Yes,No,No
Ingredient,114558,Carminic Acid,Additives incl. Flavourings & Colours,248799,a2 Trading GmbH,Germany,Distributor,https://www.ingredientsnetwork.com/carminic-acid-prod114558.html,Yes,No,No
Ingredient,114559,Cochineal Silver Grey,Additives incl. Flavourings & Colours,248799,a2 Trading GmbH,Germany,Distributor,https://www.ingredientsnetwork.com/cochineal-silver-grey-prod114559.html,Yes,No,No
Finished Product,114570,Liquorice block,Finished Food Categories,248799,a2 Trading GmbH,Germany,Distributor,https://www.ingredientsnetwork.com/liquorice-block-prod114570.html,Yes,No,No
Ingredient,114571,Liquorice powder,"Herbs, Spices",248799,a2 Trading GmbH,Germany,Distributor,https://www.ingredientsnetwork.com/liquorice-powder-prod114571.html,Yes,No,No
Ingredient,114572,Liquorice paste,"Algae, Botanicals, Carotenoids, Flavonoids",248799,a2 Trading GmbH,Germany,Distributor,https://www.ingredientsnetwork.com/liquorice-paste-prod114572.html,Yes,No,No
Ingredient,114573,Chitosan,"Dietary Fibres, Prebiotics",248799,a2 Trading GmbH,Germany,Distributor,https://www.ingredientsnetwork.com/chitosan-prod114573.html,Yes,No,No
Ingredient,114576,Carob,"Fruit, Seeds, Nuts & Peanuts, Vegetables",248799,a2 Trading GmbH,Germany,Distributor,https://www.ingredientsnetwork.com/carob-prod114576.html,Yes,No,No
Ingredient,114577,Gelatin,Additives incl. Flavourings & Colours,248799,a2 Trading GmbH,Germany,Distributor,https://www.ingredientsnetwork.com/gelatin-prod114577.html,Yes,No,No
Ingredient,115669,Highly Bioavailable CAVACURMIN®,"Algae, Botanicals, Carotenoids, Flavonoids | Bioactive Compounds - Other",249314,Wacker Chemie AG,Germany,Manufacturer: Ingredients / Additives,https://www.ingredientsnetwork.com/highly-bioavailable-cavacurmin-prod115669.html,No,No,No
Ingredient,115674,Highly Bioavailable CAVAQ10®,Additives incl. Flavourings & Colours | Bioactive Compounds - Other,249314,Wacker Chemie AG,Germany,Manufacturer: Ingredients / Additives,https://www.ingredientsnetwork.com/highly-bioavailable-cavaq10-prod115674.html,No,No,No
Ingredient,115700,SEBake GO,"Proteins, Enzymes, Amino Acids",248825,Advanced Enzyme Technologies Ltd,India,Manufacturer: Ingredients / Additives,https://www.ingredientsnetwork.com/sebake-go-prod115700.html,No,No,No
Ingredient,115701,SEBPro,"Proteins, Enzymes, Amino Acids",248825,Advanced Enzyme Technologies Ltd,India,Manufacturer: Ingredients / Additives,https://www.ingredientsnetwork.com/sebpro-prod115701.html,No,No,No
Ingredient,115705,SEBFeed AX 100,"Dietary Fibres, Prebiotics | Proteins, Enzymes, Amino Acids",248825,Advanced Enzyme Technologies Ltd,India,Manufacturer: Ingredients / Additives,https://www.ingredientsnetwork.com/sebfeed-ax-100-prod115705.html,No,No,No
Ingredient,115706,SEBFeed AX 300,"Proteins, Enzymes, Amino Acids",248825,Advanced Enzyme Technologies Ltd,India,Manufacturer: Ingredients / Additives,https://www.ingredientsnetwork.com/sebfeed-ax-300-prod115706.html,No,No,No
Ingredient,115736,FirmSEB PME,"Proteins, Enzymes, Amino Acids",248825,Advanced Enzyme Technologies Ltd,India,Manufacturer: Ingredients / Additives,https://www.ingredientsnetwork.com/firmseb-pme-prod115736.html,No,No,No
Ingredient,115739,SEBClear UFL,"Proteins, Enzymes, Amino Acids",248825,Advanced Enzyme Technologies Ltd,India,Manufacturer: Ingredients / Additives,https://www.ingredientsnetwork.com/sebclear-ufl-prod115739.html,No,No,No
Ingredient,115744,SEBAmyl GL Super,"Proteins, Enzymes, Amino Acids",248825,Advanced Enzyme Technologies Ltd,India,Manufacturer: Ingredients / Additives,https://www.ingredientsnetwork.com/sebamyl-gl-super-prod115744.html,No,No,No
Ingredient,115751,SEBake AX,"Proteins, Enzymes, Amino Acids",248825,Advanced Enzyme Technologies Ltd,India,Manufacturer: Ingredients / Additives,https://www.ingredientsnetwork.com/sebake-ax-prod115751.html,No,No,No
Ingredient,115752,SEBake BX5,"Proteins, Enzymes, Amino Acids",248825,Advanced Enzyme Technologies Ltd,India,Manufacturer: Ingredients / Additives,https://www.ingredientsnetwork.com/sebake-bx5-prod115752.html,No,No,No
Ingredient,115753,SEBake CLX,"Proteins, Enzymes, Amino Acids",248825,Advanced Enzyme Technologies Ltd,India,Manufacturer: Ingredients / Additives,https://www.ingredientsnetwork.com/sebake-clx-prod115753.html,No,No,No
Ingredient,115756,SEBake L80,"Fungi & Yeasts, Microorganisms & Probiotics, Mushrooms | Proteins, Enzymes, Amino Acids",248825,Advanced Enzyme Technologies Ltd,India,Manufacturer: Ingredients / Additives,https://www.ingredientsnetwork.com/sebake-l80-prod115756.html,No,No,No
Ingredient,115758,SEBake Crisp Plus,"Proteins, Enzymes, Amino Acids",248825,Advanced Enzyme Technologies Ltd,India,Manufacturer: Ingredients / Additives,https://www.ingredientsnetwork.com/sebake-crisp-plus-prod115758.html,No,No,No
Ingredient,115759,SEBake PP,"Proteins, Enzymes, Amino Acids",248825,Advanced Enzyme Technologies Ltd,India,Manufacturer: Ingredients / Additives,https://www.ingredientsnetwork.com/sebake-pp-prod115759.html,No,No,No
Ingredient,115760,SEBake NP,"Proteins, Enzymes, Amino Acids",248825,Advanced Enzyme Technologies Ltd,India,Manufacturer: Ingredients / Additives,https://www.ingredientsnetwork.com/sebake-np-prod115760.html,No,No,No
Ingredient,115768,Proganozyme,"Dietary Fibres, Prebiotics | Proteins, Enzymes, Amino Acids",248825,Advanced Enzyme Technologies Ltd,India,Manufacturer: Ingredients / Additives,https://www.ingredientsnetwork.com/proganozyme-prod115768.html,No,No,No
Ingredient,115791,SEBDigest Gluten P,"Proteins, Enzymes, Amino Acids",248825,Advanced Enzyme Technologies Ltd,India,Manufacturer: Ingredients / Additives,https://www.ingredientsnetwork.com/sebdigest-gluten-p-prod115791.html,No,No,No
Ingredient,115793,SEBDigest Gluten P,"Proteins, Enzymes, Amino Acids",248825,Advanced Enzyme Technologies Ltd,India,Manufacturer: Ingredients / Additives,https://www.ingredientsnetwork.com/sebdigest-gluten-p-prod115793.html,No,No,No
Ingredient,115794,SEBDigest B7 P,"Proteins, Enzymes, Amino Acids",248825,Advanced Enzyme Technologies Ltd,India,Manufacturer: Ingredients / Additives,https://www.ingredientsnetwork.com/sebdigest-b7-p-prod115794.html,No,No,No
Ingredient,115795,SEBDigest F35 L/SEBDigest F35 P,"Proteins, Enzymes, Amino Acids",248825,Advanced Enzyme Technologies Ltd,India,Manufacturer: Ingredients / Additives,https://www.ingredientsnetwork.com/sebdigest-f35-l-sebdigest-f35-p-prod115795.html,No,No,No
Ingredient,115796,SEBDigest F59 P,"Proteins, Enzymes, Amino Acids",248825,Advanced Enzyme Technologies Ltd,India,Manufacturer: Ingredients / Additives,https://www.ingredientsnetwork.com/sebdigest-f59-p-prod115796.html,No,No,No
Ingredient,115797,FlavourSEB NP,"Additives incl. Flavourings & Colours | Ingredient Mixtures, Synbiotics | Proteins, Enzymes, Amino Acids",248825,Advanced Enzyme Technologies Ltd,India,Manufacturer: Ingredients / Additives,https://www.ingredientsnetwork.com/flavourseb-np-prod115797.html,No,No,No
Ingredient,115798,HydroLact W,"Proteins, Enzymes, Amino Acids",248825,Advanced Enzyme Technologies Ltd,India,Manufacturer: Ingredients / Additives,https://www.ingredientsnetwork.com/hydrolact-w-prod115798.html,No,No,No
Ingredient,115808,Addzyme CALB,"Proteins, Enzymes, Amino Acids",248825,Advanced Enzyme Technologies Ltd,India,Manufacturer: Ingredients / Additives,https://www.ingredientsnetwork.com/addzyme-calb-prod115808.html,No,No,No
Ingredient,115813,Addzyme TL 100L,"Proteins, Enzymes, Amino Acids",248825,Advanced Enzyme Technologies Ltd,India,Manufacturer: Ingredients / Additives,https://www.ingredientsnetwork.com/addzyme-tl-100l-prod115813.html,No,No,No
Ingredient,115817,EXBERRY®,"Additives incl. Flavourings & Colours | Fruit, Seeds, Nuts & Peanuts, Vegetables",249002,EXBERRY® by GNT,Netherlands,Manufacturer: Ingredients / Additives,https://www.ingredientsnetwork.com/exberry-prod115817.html,No,Yes,No
Ingredient,115818,Xtendra TBHQ,Additives incl. Flavourings & Colours,248751,Camlin Fine Sciences Ltd,India,Raw Material Supplier,https://www.ingredientsnetwork.com/xtendra-tbhq-prod115818.html,No,No,Yes
Ingredient,115821,NaSure Natural Solutions,Additives incl. Flavourings & Colours,248751,Camlin Fine Sciences Ltd,India,Raw Material Supplier,https://www.ingredientsnetwork.com/nasure-natural-solutions-prod115821.html,No,No,Yes
Ingredient,115823,EXBERRY,"Additives incl. Flavourings & Colours | Fruit, Seeds, Nuts & Peanuts, Vegetables",249376,GNT,Brazil,"Food Safety, Quality and Service|Raw Material Supplier",https://www.ingredientsnetwork.com/exberry-prod115823.html,No,No,No
Ingredient,115844,Altratene 10% FT-RED/PF,Additives incl. Flavourings & Colours,248697,Allied Biotech Europe GmbH,Germany,Manufacturer: Ingredients / Additives,https://www.ingredientsnetwork.com/altratene-10-ft-red-pf-prod115844.html,No,Yes,No
Ingredient,115847,Altratene apocarotenal 70/30,Additives incl. Flavourings & Colours | Fats & Oils,248697,Allied Biotech Europe GmbH,Germany,Manufacturer: Ingredients / Additives,https://www.ingredientsnetwork.com/altratene-apocarotenal-70-30-prod115847.html,No,Yes,No
Ingredient,115848,Altratene apocarotenal 20% oil suspension,Additives incl. Flavourings & Colours,248697,Allied Biotech Europe GmbH,Germany,Manufacturer: Ingredients / Additives,https://www.ingredientsnetwork.com/altratene-apocarotenal-20-oil-suspension-prod115848.html,No,Yes,No
Ingredient,115849,Altratene apocarotenal 10% WSC_B,Additives incl. Flavourings & Colours,248697,Allied Biotech Europe GmbH,Germany,Manufacturer: Ingredients / Additives,https://www.ingredientsnetwork.com/altratene-apocarotenal-10-wsc-b-prod115849.html,No,Yes,No
Ingredient,115852,Lycotene 20% OS,"Additives incl. Flavourings & Colours | Algae, Botanicals, Carotenoids, Flavonoids | Fats & Oils",248697,Allied Biotech Europe GmbH,Germany,Manufacturer: Ingredients / Additives,https://www.ingredientsnetwork.com/lycotene-20-os-prod115852.html,No,Yes,No
Ingredient,115853,Lycotene 10% WSC/PF,Additives incl. Flavourings & Colours,248697,Allied Biotech Europe GmbH,Germany,Manufacturer: Ingredients / Additives,https://www.ingredientsnetwork.com/lycotene-10-wsc-pf-prod115853.html,No,Yes,No
Ingredient,115856,Lutene 10% WSC/PF,"Additives incl. Flavourings & Colours | Algae, Botanicals, Carotenoids, Flavonoids",248697,Allied Biotech Europe GmbH,Germany,Manufacturer: Ingredients / Additives,https://www.ingredientsnetwork.com/lutene-10-wsc-pf-prod115856.html,No,Yes,No
Ingredient,115859,Canthatene 10% WSC/S,Additives incl. Flavourings & Colours,248697,Allied Biotech Europe GmbH,Germany,Manufacturer: Ingredients / Additives,https://www.ingredientsnetwork.com/canthatene-10-wsc-s-prod115859.html,No,Yes,No
Ingredient,116116,CEKOL® Family,Additives incl. Flavourings & Colours,249402,CP KELCO,Brazil,,https://www.ingredientsnetwork.com/cekol-family-prod116116.html,No,No,No
Ingredient,116117,GENU® Pectin Family,Additives incl. Flavourings & Colours,249402,CP KELCO,Brazil,,https://www.ingredientsnetwork.com/genu-pectin-family-prod116117.html,No,No,No
Ingredient,116126,GENU Texturizer®,Additives incl. Flavourings & Colours,249402,CP KELCO,Brazil,,https://www.ingredientsnetwork.com/genu-texturizer-prod116126.html,No,No,No
Ingredient,116176,Dextrose (GMO Free),"Carbohydrates, Sugars",249413,LABONATHUS,Brazil,,https://www.ingredientsnetwork.com/dextrose-gmo-free-prod116176.html,No,No,No
Ingredient,116216,Rice Protein Concentrate 80% - Rice Original 80,"Proteins, Enzymes, Amino Acids",249408,Gramkow,Brazil,,https://www.ingredientsnetwork.com/rice-protein-concentrate-80-rice-original-80-prod116216.html,No,No,No
Ingredient,116217,Isolated Rice Protein 90% - Rice Silk 90,"Proteins, Enzymes, Amino Acids",249408,Gramkow,Brazil,,https://www.ingredientsnetwork.com/isolated-rice-protein-90-rice-silk-90-prod116217.html,No,No,No
Ingredient,116218,Isolated Pea Protein 80% - Pea Unique 80,"Proteins, Enzymes, Amino Acids",249408,Gramkow,Brazil,,https://www.ingredientsnetwork.com/isolated-pea-protein-80-pea-unique-80-prod116218.html,No,No,No
Ingredient,116220,Collagen,"Proteins, Enzymes, Amino Acids",249412,JBS Colágeno,Brazil,"Food Safety, Quality and Service",https://www.ingredientsnetwork.com/collagen-prod116220.html,No,No,No
Ingredient,116221,Hydrolysed Collagen,"Proteins, Enzymes, Amino Acids",249412,JBS Colágeno,Brazil,"Food Safety, Quality and Service",https://www.ingredientsnetwork.com/hydrolysed-collagen-prod116221.html,No,No,No
Ingredient,116324,PromOat® Beta Glucan,"Additives incl. Flavourings & Colours | Dietary Fibres, Prebiotics",249282,Tate & Lyle Ingredients France SAS,France,,https://www.ingredientsnetwork.com/promoat-beta-glucan-prod116324.html,No,No,No
Ingredient,116325,PROMITOR® Dietary Fiber,"Dietary Fibres, Prebiotics",249282,Tate & Lyle Ingredients France SAS,France,,https://www.ingredientsnetwork.com/promitor-dietary-fiber-prod116325.html,No,No,No
Ingredient,116327,TASTEVA® Stevia Sweetener,Additives incl. Flavourings & Colours,249282,Tate & Lyle Ingredients France SAS,France,,https://www.ingredientsnetwork.com/tasteva-stevia-sweetener-prod116327.html,No,No,No
Ingredient,116349,Beet root red,"Additives incl. Flavourings & Colours | Fruit, Seeds, Nuts & Peanuts, Vegetables",249409,HELA INGREDIENTES BRASIL,Brazil,,https://www.ingredientsnetwork.com/beet-root-red-prod116349.html,No,No,No
Ingredient,116353,Antocianines,Additives incl. Flavourings & Colours,249409,HELA INGREDIENTES BRASIL,Brazil,,https://www.ingredientsnetwork.com/antocianines-prod116353.html,No,No,No
Ingredient,116354,Annato,Additives incl. Flavourings & Colours,249409,HELA INGREDIENTES BRASIL,Brazil,,https://www.ingredientsnetwork.com/annato-prod116354.html,No,No,No
Ingredient,116391,"CBE, CBS,CBR","Additives incl. Flavourings & Colours | Ingredient Mixtures, Synbiotics",249425,MASTERSENSE,Brazil,,https://www.ingredientsnetwork.com/cbe-cbs-cbr-prod116391.html,No,No,No
Ingredient,116393,"Amylases, Xylanases, Glycolipase, Hexose Oxidase","Proteins, Enzymes, Amino Acids",249425,MASTERSENSE,Brazil,,https://www.ingredientsnetwork.com/amylases-xylanases-glycolipase-hexose-oxidase-prod116393.html,No,No,No
Ingredient,116400,18 na Enzymes,"Proteins, Enzymes, Amino Acids",249425,MASTERSENSE,Brazil,,https://www.ingredientsnetwork.com/18-na-enzymes-prod116400.html,No,No,No
Ingredient,116403,Gelatine,"Additives incl. Flavourings & Colours | Proteins, Enzymes, Amino Acids",249392,ROUSSELOT GELATINAS,Brazil,,https://www.ingredientsnetwork.com/gelatine-prod116403.html,No,No,No
Ingredient,116404,Peptan® collagen peptides,"Proteins, Enzymes, Amino Acids",249392,ROUSSELOT GELATINAS,Brazil,,https://www.ingredientsnetwork.com/peptan-collagen-peptides-prod116404.html,No,No,No
Ingredient,116488,AJOWAN,"Additives incl. Flavourings & Colours | Herbs, Spices",249390,SYNTHITE BRASIL,Brazil,,https://www.ingredientsnetwork.com/ajowan-prod116488.html,No,No,No
Ingredient,116556,95% CAPSAINCIN/CAPSICUM,"Algae, Botanicals, Carotenoids, Flavonoids",249390,SYNTHITE BRASIL,Brazil,,https://www.ingredientsnetwork.com/95-capsaincin-capsicum-prod116556.html,No,No,No
Ingredient,116558,95% PIPERINE,"Algae, Botanicals, Carotenoids, Flavonoids",249390,SYNTHITE BRASIL,Brazil,,https://www.ingredientsnetwork.com/95-piperine-prod116558.html,No,No,No
Ingredient,117220,Bakeshure®,"Additives incl. Flavourings & Colours | Ingredient Mixtures, Synbiotics",248721,Balchem,United States,Manufacturer: Ingredients / Additives,https://www.ingredientsnetwork.com/bakeshure-prod117220.html,No,No,No
Ingredient,117378,Apricot Extract,"Algae, Botanicals, Carotenoids, Flavonoids | Fruit, Seeds, Nuts & Peanuts, Vegetables",248814,Aromsa,Türkiye,Manufacturer: Ingredients / Additives,https://www.ingredientsnetwork.com/apricot-extract-prod117378.html,Yes,Yes,No
Ingredient,117382,Black Tea Extract,"Additives incl. Flavourings & Colours | Algae, Botanicals, Carotenoids, Flavonoids",248814,Aromsa,Türkiye,Manufacturer: Ingredients / Additives,https://www.ingredientsnetwork.com/black-tea-extract-prod117382.html,Yes,Yes,No
Ingredient,117385,Bourbon Vanilla Extract,Additives incl. Flavourings & Colours,248814,Aromsa,Türkiye,Manufacturer: Ingredients / Additives,https://www.ingredientsnetwork.com/bourbon-vanilla-extract-prod117385.html,Yes,Yes,No
Ingredient,117392,Carmine,Additives incl. Flavourings & Colours,249178,C.E. Roeper GmbH,Germany,Distributor|Raw Material Supplier,https://www.ingredientsnetwork.com/carmine-prod117392.html,No,No,No
Ingredient,117405,Carrageenan,Additives incl. Flavourings & Colours,249178,C.E. Roeper GmbH,Germany,Distributor|Raw Material Supplier,https://www.ingredientsnetwork.com/carrageenan-prod117405.html,No,No,No
Ingredient,117445,Beeswax (E 901),Additives incl. Flavourings & Colours,249178,C.E. Roeper GmbH,Germany,Distributor|Raw Material Supplier,https://www.ingredientsnetwork.com/beeswax-e-901-prod117445.html,No,No,No
Ingredient | Finished Product,118121,Low fat moderately toasted soft soybean flour - Biopro 20,"Additives incl. Flavourings & Colours | Cereals & Grains, Pulses | Fats & Oils | Specialised Finished Products",248722,Bankom Group,Serbia,Manufacturer: Ingredients / Additives,https://www.ingredientsnetwork.com/low-fat-moderately-toasted-soft-soybean-flour-prod118121.html,No,Yes,No
Ingredient | Finished Product,118124,Full fat modestly toasted soft soybean slour - Biopro 30,"Additives incl. Flavourings & Colours | Specialised Finished Products | Vitamins, Minerals",248722,Bankom Group,Serbia,Manufacturer: Ingredients / Additives,https://www.ingredientsnetwork.com/full-fat-modestly-toasted-soft-soybean-slour-prod118124.html,No,Yes,No
Ingredient,118125,Full fat enzyme active soft soybean flour - Biopro 32,"Proteins, Enzymes, Amino Acids",248722,Bankom Group,Serbia,Manufacturer: Ingredients / Additives,https://www.ingredientsnetwork.com/full-fat-enzyme-active-soft-soybean-flour-biopro-prod118125.html,No,Yes,No
Ingredient,118441,LECICO F 600 IPM,Additives incl. Flavourings & Colours,249104,LECICO GmbH,Germany,Distributor,https://www.ingredientsnetwork.com/lecico-f-600-ipm-prod118441.html,No,No,No
Ingredient,118461,Isomalto-oligosaccharides (IMO),"Carbohydrates, Sugars | Dietary Fibres, Prebiotics",249440,"Baolingbao Biology Co., Ltd.",China,Distributor|Manufacturer: Ingredients / Additives|Raw Material Supplier,https://www.ingredientsnetwork.com/isomalto-oligosaccharides-imo-prod118461.html,No,Yes,No
Ingredient,118462,Galacto-oligosaccharides (GOS),"Carbohydrates, Sugars | Dietary Fibres, Prebiotics",249440,"Baolingbao Biology Co., Ltd.",China,Distributor|Manufacturer: Ingredients / Additives|Raw Material Supplier,https://www.ingredientsnetwork.com/galacto-oligosaccharides-gos-prod118462.html,No,Yes,No
Ingredient,118463,Fructo-oligosaccharides (FOS),"Carbohydrates, Sugars | Dietary Fibres, Prebiotics",249440,"Baolingbao Biology Co., Ltd.",China,Distributor|Manufacturer: Ingredients / Additives|Raw Material Supplier,https://www.ingredientsnetwork.com/fructo-oligosaccharides-fos-prod118463.html,No,Yes,No
Ingredient,118464,High Fructose Syrup,"Carbohydrates, Sugars | Syrups & Others",249440,"Baolingbao Biology Co., Ltd.",China,Distributor|Manufacturer: Ingredients / Additives|Raw Material Supplier,https://www.ingredientsnetwork.com/high-fructose-syrup-prod118464.html,No,Yes,No
Ingredient,118465,Polydextrose,"Additives incl. Flavourings & Colours | Dietary Fibres, Prebiotics",249440,"Baolingbao Biology Co., Ltd.",China,Distributor|Manufacturer: Ingredients / Additives|Raw Material Supplier,https://www.ingredientsnetwork.com/polydextrose-prod118465.html,No,Yes,No
Ingredient,118466,Erythritol,Additives incl. Flavourings & Colours,249440,"Baolingbao Biology Co., Ltd.",China,Distributor|Manufacturer: Ingredients / Additives|Raw Material Supplier,https://www.ingredientsnetwork.com/erythritol-prod118466.html,No,Yes,No
Ingredient,118484,Maltodextrin (DE5-45),"Carbohydrates, Sugars",249440,"Baolingbao Biology Co., Ltd.",China,Distributor|Manufacturer: Ingredients / Additives|Raw Material Supplier,https://www.ingredientsnetwork.com/maltodextrin-de5-45-prod118484.html,No,Yes,No
Ingredient,118496,Ammonium Chloride,Additives incl. Flavourings & Colours,248963,Faravelli,Italy,,https://www.ingredientsnetwork.com/ammonium-chloride-prod118496.html,No,No,No
Ingredient,118778,Acesulfame K FCC and EP,Additives incl. Flavourings & Colours,248963,Faravelli,Italy,,https://www.ingredientsnetwork.com/acesulfame-k-fcc-and-ep-prod118778.html,No,No,No
Ingredient | Finished Product,119254,Original Chia ®,"Additives incl. Flavourings & Colours | Dietary Fibres, Prebiotics | Specialised Finished Products | Vitamins, Minerals",249160,Original Chia Aps,Denmark,Distributor,https://www.ingredientsnetwork.com/original-chia-prod119254.html,No,No,No
Ingredient,119255,Basil,"Herbs, Spices",249666,Synthite Industries Pvt Ltd,India,"Distributor|Food Safety, Quality and Service",https://www.ingredientsnetwork.com/basil-prod119255.html,Yes,Yes,Yes
Ingredient,119256,Black Pepper,"Algae, Botanicals, Carotenoids, Flavonoids | Herbs, Spices",249666,Synthite Industries Pvt Ltd,India,"Distributor|Food Safety, Quality and Service",https://www.ingredientsnetwork.com/black-pepper-prod119256.html,Yes,Yes,Yes
Ingredient,119284,Asafoetida,"Algae, Botanicals, Carotenoids, Flavonoids",249666,Synthite Industries Pvt Ltd,India,"Distributor|Food Safety, Quality and Service",https://www.ingredientsnetwork.com/asafoetida-prod119284.html,Yes,Yes,Yes
Ingredient,119287,Aniseed,"Herbs, Spices",249666,Synthite Industries Pvt Ltd,India,"Distributor|Food Safety, Quality and Service",https://www.ingredientsnetwork.com/aniseed-prod119287.html,Yes,Yes,Yes
Ingredient,119331,Black tea aroma – Liquid,Additives incl. Flavourings & Colours,249666,Synthite Industries Pvt Ltd,India,"Distributor|Food Safety, Quality and Service",https://www.ingredientsnetwork.com/black-tea-aroma-liquid-prod119331.html,Yes,Yes,Yes
Ingredient,119332,Black tea aroma – Encapsulated,Additives incl. Flavourings & Colours,249666,Synthite Industries Pvt Ltd,India,"Distributor|Food Safety, Quality and Service",https://www.ingredientsnetwork.com/black-tea-aroma-encapsulated-prod119332.html,Yes,Yes,Yes
Ingredient,119334,Black tea extract – CO2,"Additives incl. Flavourings & Colours | Algae, Botanicals, Carotenoids, Flavonoids",249666,Synthite Industries Pvt Ltd,India,"Distributor|Food Safety, Quality and Service",https://www.ingredientsnetwork.com/black-tea-extract-co2-prod119334.html,Yes,Yes,Yes
Ingredient,119335,Black tea extract concentrate– Liquid,"Additives incl. Flavourings & Colours | Algae, Botanicals, Carotenoids, Flavonoids",249666,Synthite Industries Pvt Ltd,India,"Distributor|Food Safety, Quality and Service",https://www.ingredientsnetwork.com/black-tea-extract-concentrate-liquid-prod119335.html,Yes,Yes,Yes
Ingredient,119345,Black tea top note – CO2,"Additives incl. Flavourings & Colours | Algae, Botanicals, Carotenoids, Flavonoids",249666,Synthite Industries Pvt Ltd,India,"Distributor|Food Safety, Quality and Service",https://www.ingredientsnetwork.com/black-tea-top-note-co2-prod119345.html,Yes,Yes,Yes
Ingredient,119346,Black tea top note – CO2 – Encapsulated powder,"Additives incl. Flavourings & Colours | Algae, Botanicals, Carotenoids, Flavonoids",249666,Synthite Industries Pvt Ltd,India,"Distributor|Food Safety, Quality and Service",https://www.ingredientsnetwork.com/black-tea-top-note-co2-encapsulated-powder-prod119346.html,Yes,Yes,Yes
Ingredient,119356,Vanilla Extracts,"Additives incl. Flavourings & Colours | Algae, Botanicals, Carotenoids, Flavonoids",249666,Synthite Industries Pvt Ltd,India,"Distributor|Food Safety, Quality and Service",https://www.ingredientsnetwork.com/vanilla-extracts-prod119356.html,Yes,Yes,Yes
Ingredient,119362,Almond Vanilla flavor,"Additives incl. Flavourings & Colours | Fruit, Seeds, Nuts & Peanuts, Vegetables",249666,Synthite Industries Pvt Ltd,India,"Distributor|Food Safety, Quality and Service",https://www.ingredientsnetwork.com/almond-vanilla-flavor-prod119362.html,Yes,Yes,Yes
Ingredient,119364,Apricot,"Fruit, Seeds, Nuts & Peanuts, Vegetables",249666,Synthite Industries Pvt Ltd,India,"Distributor|Food Safety, Quality and Service",https://www.ingredientsnetwork.com/apricot-prod119364.html,Yes,Yes,Yes
Ingredient,119379,Anthocyanin,Additives incl. Flavourings & Colours,249666,Synthite Industries Pvt Ltd,India,"Distributor|Food Safety, Quality and Service",https://www.ingredientsnetwork.com/anthocyanin-prod119379.html,Yes,Yes,Yes
Ingredient,119380,Barbeque flavour,Additives incl. Flavourings & Colours,249666,Synthite Industries Pvt Ltd,India,"Distributor|Food Safety, Quality and Service",https://www.ingredientsnetwork.com/barbeque-flavour-prod119380.html,Yes,Yes,Yes
Ingredient,119381,Barbeque sauce flavour,Additives incl. Flavourings & Colours,249666,Synthite Industries Pvt Ltd,India,"Distributor|Food Safety, Quality and Service",https://www.ingredientsnetwork.com/barbeque-sauce-flavour-prod119381.html,Yes,Yes,Yes
Ingredient,119403,Bellerica,"Algae, Botanicals, Carotenoids, Flavonoids",249666,Synthite Industries Pvt Ltd,India,"Distributor|Food Safety, Quality and Service",https://www.ingredientsnetwork.com/bellerica-prod119403.html,Yes,Yes,Yes
Ingredient,119405,Bacopa,"Algae, Botanicals, Carotenoids, Flavonoids",249666,Synthite Industries Pvt Ltd,India,"Distributor|Food Safety, Quality and Service",https://www.ingredientsnetwork.com/bacopa-prod119405.html,Yes,Yes,Yes
Ingredient,119417,Asparagus,"Fruit, Seeds, Nuts & Peanuts, Vegetables",249666,Synthite Industries Pvt Ltd,India,"Distributor|Food Safety, Quality and Service",https://www.ingredientsnetwork.com/asparagus-prod119417.html,Yes,Yes,Yes
Ingredient,119423,95% Capsaicin/Capsicum,"Algae, Botanicals, Carotenoids, Flavonoids",249666,Synthite Industries Pvt Ltd,India,"Distributor|Food Safety, Quality and Service",https://www.ingredientsnetwork.com/95-capsaicin-capsicum-prod119423.html,Yes,Yes,Yes
Ingredient,119432,Black tea,"Additives incl. Flavourings & Colours | Algae, Botanicals, Carotenoids, Flavonoids",249666,Synthite Industries Pvt Ltd,India,"Distributor|Food Safety, Quality and Service",https://www.ingredientsnetwork.com/black-tea-prod119432.html,Yes,Yes,Yes
Ingredient,119439,Allyl Isothiocyanate (AITC),Additives incl. Flavourings & Colours | Bioactive Compounds - Other,249666,Synthite Industries Pvt Ltd,India,"Distributor|Food Safety, Quality and Service",https://www.ingredientsnetwork.com/allyl-isothiocyanate-aitc-prod119439.html,Yes,Yes,Yes
Ingredient,119440,Black Pepper oil,"Algae, Botanicals, Carotenoids, Flavonoids | Fats & Oils",249666,Synthite Industries Pvt Ltd,India,"Distributor|Food Safety, Quality and Service",https://www.ingredientsnetwork.com/black-pepper-oil-prod119440.html,Yes,Yes,Yes
Ingredient,119441,Basil oil,"Algae, Botanicals, Carotenoids, Flavonoids | Herbs, Spices",249666,Synthite Industries Pvt Ltd,India,"Distributor|Food Safety, Quality and Service",https://www.ingredientsnetwork.com/basil-oil-prod119441.html,Yes,Yes,Yes
Ingredient,119442,Black Pepper Oleoresin,"Additives incl. Flavourings & Colours | Algae, Botanicals, Carotenoids, Flavonoids | Herbs, Spices",249666,Synthite Industries Pvt Ltd,India,"Distributor|Food Safety, Quality and Service",https://www.ingredientsnetwork.com/black-pepper-oleoresin-prod119442.html,Yes,Yes,Yes
Ingredient,119485,Blockmilk,"Dairy Ingredients | Proteins, Enzymes, Amino Acids",248698,Almil AG,Germany,,https://www.ingredientsnetwork.com/blockmilk-prod119485.html,No,No,No
Ingredient,119604,Barley Groats,"Additives incl. Flavourings & Colours | Cereals & Grains, Pulses | Dietary Fibres, Prebiotics",249215,Rubinmühle GmbH,Germany,Manufacturer: Ingredients / Additives,https://www.ingredientsnetwork.com/barley-groats-prod119604.html,No,No,No
Finished Product,119639,Chocolate Oats Crispy,Finished Food Categories,249215,Rubinmühle GmbH,Germany,Manufacturer: Ingredients / Additives,https://www.ingredientsnetwork.com/chocolate-oats-crispy-prod119639.html,No,No,No
Finished Product,119640,Chocolate Bears Type 2,Finished Food Categories,249215,Rubinmühle GmbH,Germany,Manufacturer: Ingredients / Additives,https://www.ingredientsnetwork.com/chocolate-bears-type-2-prod119640.html,No,No,No
Ingredient,120396,Alginate,Additives incl. Flavourings & Colours,248835,AGI,France,,https://www.ingredientsnetwork.com/alginate-prod120396.html,No,No,No
Ingredient,120397,Carrageenans,Additives incl. Flavourings & Colours,248835,AGI,France,,https://www.ingredientsnetwork.com/carrageenans-prod120397.html,No,No,No
Ingredient,120399,Carob,"Additives incl. Flavourings & Colours | Carbohydrates, Sugars",248835,AGI,France,,https://www.ingredientsnetwork.com/carob-prod120399.html,No,No,No
Ingredient,120415,Dark chocolate Alt 01/02/07/45/62/84/93/118/129/175,"Additives incl. Flavourings & Colours | Fruit, Seeds, Nuts & Peanuts, Vegetables",248809,Altinmarka Gida San. Tic AS,Türkiye,"Distributor|Food Safety, Quality and Service",https://www.ingredientsnetwork.com/dark-chocolate-alt-01-02-07-45-62-84-93-118-129-prod120415.html,No,Yes,No
Ingredient,120416,Dark chocolate Alt 05,"Fruit, Seeds, Nuts & Peanuts, Vegetables",248809,Altinmarka Gida San. Tic AS,Türkiye,"Distributor|Food Safety, Quality and Service",https://www.ingredientsnetwork.com/dark-chocolate-alt-05-prod120416.html,No,Yes,No
Ingredient,120417,Milk chocolate Alt 06,"Additives incl. Flavourings & Colours | Dairy Ingredients | Fruit, Seeds, Nuts & Peanuts, Vegetables",248809,Altinmarka Gida San. Tic AS,Türkiye,"Distributor|Food Safety, Quality and Service",https://www.ingredientsnetwork.com/milk-chocolate-alt-06-prod120417.html,No,Yes,No
Ingredient,120418,Milk Chocolate Alt 37,"Dairy Ingredients | Fats & Oils | Fruit, Seeds, Nuts & Peanuts, Vegetables",248809,Altinmarka Gida San. Tic AS,Türkiye,"Distributor|Food Safety, Quality and Service",https://www.ingredientsnetwork.com/milk-chocolate-alt-37-prod120418.html,No,Yes,No
Ingredient,120419,Milk Chocolate Alt 70,"Dairy Ingredients | Fruit, Seeds, Nuts & Peanuts, Vegetables",248809,Altinmarka Gida San. Tic AS,Türkiye,"Distributor|Food Safety, Quality and Service",https://www.ingredientsnetwork.com/milk-chocolate-alt-70-prod120419.html,No,Yes,No
Ingredient,120420,Milk chocolate Alt 92,"Additives incl. Flavourings & Colours | Fats & Oils | Fruit, Seeds, Nuts & Peanuts, Vegetables",248809,Altinmarka Gida San. Tic AS,Türkiye,"Distributor|Food Safety, Quality and Service",https://www.ingredientsnetwork.com/milk-chocolate-alt-92-prod120420.html,No,Yes,No
Ingredient,120421,Milk chocolate Alt 94,"Additives incl. Flavourings & Colours | Carbohydrates, Sugars | Dairy Ingredients | Fruit, Seeds, Nuts & Peanuts, Vegetables",248809,Altinmarka Gida San. Tic AS,Türkiye,"Distributor|Food Safety, Quality and Service",https://www.ingredientsnetwork.com/milk-chocolate-alt-94-prod120421.html,No,Yes,No
Ingredient,120422,Milk chocolate Alt (couverture) 98,"Fruit, Seeds, Nuts & Peanuts, Vegetables",248809,Altinmarka Gida San. Tic AS,Türkiye,"Distributor|Food Safety, Quality and Service",https://www.ingredientsnetwork.com/milk-chocolate-alt-couverture-98-prod120422.html,No,Yes,No
Ingredient,120423,Milk chocolate Alt 99,"Additives incl. Flavourings & Colours | Dairy Ingredients | Fruit, Seeds, Nuts & Peanuts, Vegetables",248809,Altinmarka Gida San. Tic AS,Türkiye,"Distributor|Food Safety, Quality and Service",https://www.ingredientsnetwork.com/milk-chocolate-alt-99-prod120423.html,No,Yes,No
Ingredient,120424,Milk chocolate Alt 108,"Dairy Ingredients | Fats & Oils | Fruit, Seeds, Nuts & Peanuts, Vegetables",248809,Altinmarka Gida San. Tic AS,Türkiye,"Distributor|Food Safety, Quality and Service",https://www.ingredientsnetwork.com/milk-chocolate-alt-108-prod120424.html,No,Yes,No
Ingredient,120425,Milk chocolate (couverture) Alt 172,"Fruit, Seeds, Nuts & Peanuts, Vegetables",248809,Altinmarka Gida San. Tic AS,Türkiye,"Distributor|Food Safety, Quality and Service",https://www.ingredientsnetwork.com/milk-chocolate-couverture-alt-172-prod120425.html,No,Yes,No
Ingredient,120426,White chocolate (couverture) Alt 16,"Additives incl. Flavourings & Colours | Fats & Oils | Fruit, Seeds, Nuts & Peanuts, Vegetables",248809,Altinmarka Gida San. Tic AS,Türkiye,"Distributor|Food Safety, Quality and Service",https://www.ingredientsnetwork.com/white-chocolate-couverture-alt-16-prod120426.html,No,Yes,No
Ingredient,120427,White chocolate (couverture) Alt 131,"Carbohydrates, Sugars | Fats & Oils | Fruit, Seeds, Nuts & Peanuts, Vegetables",248809,Altinmarka Gida San. Tic AS,Türkiye,"Distributor|Food Safety, Quality and Service",https://www.ingredientsnetwork.com/white-chocolate-couverture-alt-131-prod120427.html,No,Yes,No
Ingredient,120428,Dark chocolate Alt 36.,"Dairy Ingredients | Fats & Oils | Fruit, Seeds, Nuts & Peanuts, Vegetables",248809,Altinmarka Gida San. Tic AS,Türkiye,"Distributor|Food Safety, Quality and Service",https://www.ingredientsnetwork.com/dark-chocolate-alt-36-prod120428.html,No,Yes,No
Ingredient,120429,Milk chocolate (couverture) Alt 35,"Additives incl. Flavourings & Colours | Dairy Ingredients | Fruit, Seeds, Nuts & Peanuts, Vegetables",248809,Altinmarka Gida San. Tic AS,Türkiye,"Distributor|Food Safety, Quality and Service",https://www.ingredientsnetwork.com/milk-chocolate-couverture-alt-35-prod120429.html,No,Yes,No
Ingredient,120430,Milk chocolate Alt (couverture) 133,"Additives incl. Flavourings & Colours | Fats & Oils | Fruit, Seeds, Nuts & Peanuts, Vegetables",248809,Altinmarka Gida San. Tic AS,Türkiye,"Distributor|Food Safety, Quality and Service",https://www.ingredientsnetwork.com/milk-chocolate-alt-couverture-133-prod120430.html,No,Yes,No
Finished Product,120431,Milk chocolate Alt 143,Finished Food Categories,248809,Altinmarka Gida San. Tic AS,Türkiye,"Distributor|Food Safety, Quality and Service",https://www.ingredientsnetwork.com/milk-chocolate-alt-143-prod120431.html,No,Yes,No
Ingredient,120432,Milk chocolate Alt 33,"Additives incl. Flavourings & Colours | Dairy Ingredients | Fruit, Seeds, Nuts & Peanuts, Vegetables",248809,Altinmarka Gida San. Tic AS,Türkiye,"Distributor|Food Safety, Quality and Service",https://www.ingredientsnetwork.com/milk-chocolate-alt-33-prod120432.html,No,Yes,No
Ingredient,120433,Dark chocolate (couverture) Drop Alt 66,"Fruit, Seeds, Nuts & Peanuts, Vegetables",248809,Altinmarka Gida San. Tic AS,Türkiye,"Distributor|Food Safety, Quality and Service",https://www.ingredientsnetwork.com/dark-chocolate-couverture-drop-alt-66-prod120433.html,No,Yes,No
Ingredient,120434,Dark chocolate drop (couverture) Alt 76,"Additives incl. Flavourings & Colours | Fruit, Seeds, Nuts & Peanuts, Vegetables",248809,Altinmarka Gida San. Tic AS,Türkiye,"Distributor|Food Safety, Quality and Service",https://www.ingredientsnetwork.com/dark-chocolate-drop-couverture-alt-76-prod120434.html,No,Yes,No
Finished Product,120435,Dark chocolate (couverture) Alt 137,Finished Food Categories,248809,Altinmarka Gida San. Tic AS,Türkiye,"Distributor|Food Safety, Quality and Service",https://www.ingredientsnetwork.com/dark-chocolate-couverture-alt-137-prod120435.html,No,Yes,No
Finished Product,120436,Milk chocolate (couverture) Alt 160,Finished Food Categories,248809,Altinmarka Gida San. Tic AS,Türkiye,"Distributor|Food Safety, Quality and Service",https://www.ingredientsnetwork.com/milk-chocolate-couverture-alt-160-prod120436.html,No,Yes,No
Ingredient,120437,White chocolate Alt 16,"Additives incl. Flavourings & Colours | Fruit, Seeds, Nuts & Peanuts, Vegetables",248809,Altinmarka Gida San. Tic AS,Türkiye,"Distributor|Food Safety, Quality and Service",https://www.ingredientsnetwork.com/white-chocolate-alt-16-prod120437.html,No,Yes,No
Finished Product,120438,Dark and white chocolate Alt 135,Finished Food Categories,248809,Altinmarka Gida San. Tic AS,Türkiye,"Distributor|Food Safety, Quality and Service",https://www.ingredientsnetwork.com/dark-and-white-chocolate-alt-135-prod120438.html,No,Yes,No
Ingredient,120439,Dark chocolate drop alt 73,"Fruit, Seeds, Nuts & Peanuts, Vegetables",248809,Altinmarka Gida San. Tic AS,Türkiye,"Distributor|Food Safety, Quality and Service",https://www.ingredientsnetwork.com/dark-chocolate-drop-alt-73-prod120439.html,No,Yes,No
Finished Product,120440,Dark chocolate Alt 01,Finished Food Categories,248809,Altinmarka Gida San. Tic AS,Türkiye,"Distributor|Food Safety, Quality and Service",https://www.ingredientsnetwork.com/dark-chocolate-alt-01-prod120440.html,No,Yes,No
Ingredient,120441,Dark chocolate chunk Alt 73,"Additives incl. Flavourings & Colours | Fruit, Seeds, Nuts & Peanuts, Vegetables",248809,Altinmarka Gida San. Tic AS,Türkiye,"Distributor|Food Safety, Quality and Service",https://www.ingredientsnetwork.com/dark-chocolate-chunk-alt-73-prod120441.html,No,Yes,No
Ingredient,120442,Dark chocolate stick (couverture) Alt 144,"Fruit, Seeds, Nuts & Peanuts, Vegetables",248809,Altinmarka Gida San. Tic AS,Türkiye,"Distributor|Food Safety, Quality and Service",https://www.ingredientsnetwork.com/dark-chocolate-stick-couverture-alt-144-prod120442.html,No,Yes,No
Ingredient,120443,Dark compound Alt 51,"Additives incl. Flavourings & Colours | Fruit, Seeds, Nuts & Peanuts, Vegetables",248809,Altinmarka Gida San. Tic AS,Türkiye,"Distributor|Food Safety, Quality and Service",https://www.ingredientsnetwork.com/dark-compound-alt-51-prod120443.html,No,Yes,No
Ingredient,120444,Dark compound Alt 58,"Additives incl. Flavourings & Colours | Fruit, Seeds, Nuts & Peanuts, Vegetables",248809,Altinmarka Gida San. Tic AS,Türkiye,"Distributor|Food Safety, Quality and Service",https://www.ingredientsnetwork.com/dark-compound-alt-58-prod120444.html,No,Yes,No
Ingredient,120445,Milk compound Alt 52,"Dairy Ingredients | Fats & Oils | Fruit, Seeds, Nuts & Peanuts, Vegetables",248809,Altinmarka Gida San. Tic AS,Türkiye,"Distributor|Food Safety, Quality and Service",https://www.ingredientsnetwork.com/milk-compound-alt-52-prod120445.html,No,Yes,No
Ingredient,120446,Milk compound (block/coin) Alt 38,Additives incl. Flavourings & Colours | Fats & Oils,248809,Altinmarka Gida San. Tic AS,Türkiye,"Distributor|Food Safety, Quality and Service",https://www.ingredientsnetwork.com/milk-compound-block-coin-alt-38-prod120446.html,No,Yes,No
Ingredient,120447,White compound (block/coin) Alt 59,"Additives incl. Flavourings & Colours | Fats & Oils | Fruit, Seeds, Nuts & Peanuts, Vegetables",248809,Altinmarka Gida San. Tic AS,Türkiye,"Distributor|Food Safety, Quality and Service",https://www.ingredientsnetwork.com/white-compound-block-coin-alt-59-prod120447.html,No,Yes,No
Ingredient,120448,Dark compound/drop conventure Alt 04,"Additives incl. Flavourings & Colours | Fruit, Seeds, Nuts & Peanuts, Vegetables",248809,Altinmarka Gida San. Tic AS,Türkiye,"Distributor|Food Safety, Quality and Service",https://www.ingredientsnetwork.com/dark-compound-drop-conventure-alt-04-prod120448.html,No,Yes,No
Ingredient,120449,Dark compound/drop conveture Alt 67,"Additives incl. Flavourings & Colours | Fruit, Seeds, Nuts & Peanuts, Vegetables",248809,Altinmarka Gida San. Tic AS,Türkiye,"Distributor|Food Safety, Quality and Service",https://www.ingredientsnetwork.com/dark-compound-drop-conveture-alt-67-prod120449.html,No,Yes,No
Ingredient,120450,Milk compound/drop couverture Alt 120,"Fruit, Seeds, Nuts & Peanuts, Vegetables | Ingredient Mixtures, Synbiotics",248809,Altinmarka Gida San. Tic AS,Türkiye,"Distributor|Food Safety, Quality and Service",https://www.ingredientsnetwork.com/milk-compound-drop-couverture-alt-120-prod120450.html,No,Yes,No
Ingredient,120451,Dark and white compound drop Alt 170,"Fruit, Seeds, Nuts & Peanuts, Vegetables",248809,Altinmarka Gida San. Tic AS,Türkiye,"Distributor|Food Safety, Quality and Service",https://www.ingredientsnetwork.com/dark-and-white-compound-drop-alt-170-prod120451.html,No,Yes,No
Ingredient,120452,Praline Alt 27,"Dairy Ingredients | Fats & Oils | Fruit, Seeds, Nuts & Peanuts, Vegetables",248809,Altinmarka Gida San. Tic AS,Türkiye,"Distributor|Food Safety, Quality and Service",https://www.ingredientsnetwork.com/praline-alt-27-prod120452.html,No,Yes,No
Ingredient,120453,Praline Alt 55,"Additives incl. Flavourings & Colours | Dairy Ingredients | Fats & Oils | Fruit, Seeds, Nuts & Peanuts, Vegetables",248809,Altinmarka Gida San. Tic AS,Türkiye,"Distributor|Food Safety, Quality and Service",https://www.ingredientsnetwork.com/praline-alt-55-prod120453.html,No,Yes,No
Ingredient,120454,Praline Alt 56,"Dairy Ingredients | Fats & Oils | Fruit, Seeds, Nuts & Peanuts, Vegetables",248809,Altinmarka Gida San. Tic AS,Türkiye,"Distributor|Food Safety, Quality and Service",https://www.ingredientsnetwork.com/praline-alt-56-prod120454.html,No,Yes,No
Finished Product,120455,Praline Alt 113,Finished Food Categories,248809,Altinmarka Gida San. Tic AS,Türkiye,"Distributor|Food Safety, Quality and Service",https://www.ingredientsnetwork.com/praline-alt-113-prod120455.html,No,Yes,No
Finished Product,120456,Praline Alt 114,Finished Food Categories,248809,Altinmarka Gida San. Tic AS,Türkiye,"Distributor|Food Safety, Quality and Service",https://www.ingredientsnetwork.com/praline-alt-114-prod120456.html,No,Yes,No
Ingredient,120457,Glazing Alt 173,Additives incl. Flavourings & Colours,248809,Altinmarka Gida San. Tic AS,Türkiye,"Distributor|Food Safety, Quality and Service",https://www.ingredientsnetwork.com/glazing-alt-173-prod120457.html,No,Yes,No
Ingredient,120458,Glazing Alt 153,"Additives incl. Flavourings & Colours | Fruit, Seeds, Nuts & Peanuts, Vegetables | Syrups & Others",248809,Altinmarka Gida San. Tic AS,Türkiye,"Distributor|Food Safety, Quality and Service",https://www.ingredientsnetwork.com/glazing-alt-153-prod120458.html,No,Yes,No
Ingredient,120459,Glazing Alt 176,"Additives incl. Flavourings & Colours | Fruit, Seeds, Nuts & Peanuts, Vegetables",248809,Altinmarka Gida San. Tic AS,Türkiye,"Distributor|Food Safety, Quality and Service",https://www.ingredientsnetwork.com/glazing-alt-176-prod120459.html,No,Yes,No
Finished Product,120460,Waffle Alt 164,Finished Food Categories,248809,Altinmarka Gida San. Tic AS,Türkiye,"Distributor|Food Safety, Quality and Service",https://www.ingredientsnetwork.com/waffle-alt-164-prod120460.html,No,Yes,No
Finished Product,120461,Waffle Alt 165,Finished Food Categories,248809,Altinmarka Gida San. Tic AS,Türkiye,"Distributor|Food Safety, Quality and Service",https://www.ingredientsnetwork.com/waffle-alt-165-prod120461.html,No,Yes,No
Finished Product,120462,Waffle Alt 166,Finished Food Categories,248809,Altinmarka Gida San. Tic AS,Türkiye,"Distributor|Food Safety, Quality and Service",https://www.ingredientsnetwork.com/waffle-alt-166-prod120462.html,No,Yes,No
Ingredient,120463,Filling alt 47,"Additives incl. Flavourings & Colours | Ingredient Mixtures, Synbiotics",248809,Altinmarka Gida San. Tic AS,Türkiye,"Distributor|Food Safety, Quality and Service",https://www.ingredientsnetwork.com/filling-alt-47-prod120463.html,No,Yes,No
Ingredient,120464,Filling alt 100,"Additives incl. Flavourings & Colours | Fruit, Seeds, Nuts & Peanuts, Vegetables",248809,Altinmarka Gida San. Tic AS,Türkiye,"Distributor|Food Safety, Quality and Service",https://www.ingredientsnetwork.com/filling-alt-100-prod120464.html,No,Yes,No
Ingredient,120465,Filling alt 101,"Ingredient Mixtures, Synbiotics",248809,Altinmarka Gida San. Tic AS,Türkiye,"Distributor|Food Safety, Quality and Service",https://www.ingredientsnetwork.com/filling-alt-101-prod120465.html,No,Yes,No
Ingredient,120466,Filling alt 103,"Additives incl. Flavourings & Colours | Fruit, Seeds, Nuts & Peanuts, Vegetables | Syrups & Others",248809,Altinmarka Gida San. Tic AS,Türkiye,"Distributor|Food Safety, Quality and Service",https://www.ingredientsnetwork.com/filling-alt-103-prod120466.html,No,Yes,No
Ingredient,120467,Filling alt 104,"Additives incl. Flavourings & Colours | Fruit, Seeds, Nuts & Peanuts, Vegetables",248809,Altinmarka Gida San. Tic AS,Türkiye,"Distributor|Food Safety, Quality and Service",https://www.ingredientsnetwork.com/filling-alt-104-prod120467.html,No,Yes,No
Finished Product,120468,Dark chocolate Alt 118,Finished Food Categories,248809,Altinmarka Gida San. Tic AS,Türkiye,"Distributor|Food Safety, Quality and Service",https://www.ingredientsnetwork.com/dark-chocolate-alt-118-prod120468.html,No,Yes,No
Finished Product,120469,Dark chocolate Alt 175,Finished Food Categories,248809,Altinmarka Gida San. Tic AS,Türkiye,"Distributor|Food Safety, Quality and Service",https://www.ingredientsnetwork.com/dark-chocolate-alt-175-prod120469.html,No,Yes,No
Ingredient,120470,Dark chocolate Alt 218,"Fruit, Seeds, Nuts & Peanuts, Vegetables",248809,Altinmarka Gida San. Tic AS,Türkiye,"Distributor|Food Safety, Quality and Service",https://www.ingredientsnetwork.com/dark-chocolate-alt-218-prod120470.html,No,Yes,No
Ingredient,120471,Dark chocolate Alt 02,"Additives incl. Flavourings & Colours | Fruit, Seeds, Nuts & Peanuts, Vegetables",248809,Altinmarka Gida San. Tic AS,Türkiye,"Distributor|Food Safety, Quality and Service",https://www.ingredientsnetwork.com/dark-chocolate-alt-02-prod120471.html,No,Yes,No
Finished Product,120472,Dark chocolate block Alt 219,Finished Food Categories,248809,Altinmarka Gida San. Tic AS,Türkiye,"Distributor|Food Safety, Quality and Service",https://www.ingredientsnetwork.com/dark-chocolate-block-alt-219-prod120472.html,No,Yes,No
Ingredient,120473,Dark chocolate (block/coin) Alt 45,"Additives incl. Flavourings & Colours | Fruit, Seeds, Nuts & Peanuts, Vegetables",248809,Altinmarka Gida San. Tic AS,Türkiye,"Distributor|Food Safety, Quality and Service",https://www.ingredientsnetwork.com/dark-chocolate-block-coin-alt-45-prod120473.html,No,Yes,No
Ingredient,120474,Dark chocolate Alt 246,"Additives incl. Flavourings & Colours | Fruit, Seeds, Nuts & Peanuts, Vegetables",248809,Altinmarka Gida San. Tic AS,Türkiye,"Distributor|Food Safety, Quality and Service",https://www.ingredientsnetwork.com/dark-chocolate-alt-246-prod120474.html,No,Yes,No
Ingredient,120475,Dark chocolate Alt 253,"Additives incl. Flavourings & Colours | Fruit, Seeds, Nuts & Peanuts, Vegetables",248809,Altinmarka Gida San. Tic AS,Türkiye,"Distributor|Food Safety, Quality and Service",https://www.ingredientsnetwork.com/dark-chocolate-alt-253-prod120475.html,No,Yes,No
Finished Product,120476,Dark chocolate (block/coin) Alt 07,Finished Food Categories,248809,Altinmarka Gida San. Tic AS,Türkiye,"Distributor|Food Safety, Quality and Service",https://www.ingredientsnetwork.com/dark-chocolate-block-coin-alt-07-prod120476.html,No,Yes,No
Finished Product,120477,Milk chocolate (block) Alt 172,Finished Food Categories,248809,Altinmarka Gida San. Tic AS,Türkiye,"Distributor|Food Safety, Quality and Service",https://www.ingredientsnetwork.com/milk-chocolate-block-alt-172-prod120477.html,No,Yes,No
Finished Product,120478,Milk chocolate Alt 179,Finished Food Categories,248809,Altinmarka Gida San. Tic AS,Türkiye,"Distributor|Food Safety, Quality and Service",https://www.ingredientsnetwork.com/milk-chocolate-alt-179-prod120478.html,No,Yes,No
Finished Product,120479,Milk chocolate (block) Alt 98,Finished Food Categories,248809,Altinmarka Gida San. Tic AS,Türkiye,"Distributor|Food Safety, Quality and Service",https://www.ingredientsnetwork.com/milk-chocolate-block-alt-98-prod120479.html,No,Yes,No
Finished Product,120480,Milk chocolate (block) Alt 108,Finished Food Categories,248809,Altinmarka Gida San. Tic AS,Türkiye,"Distributor|Food Safety, Quality and Service",https://www.ingredientsnetwork.com/milk-chocolate-block-alt-108-prod120480.html,No,Yes,No
Finished Product,120481,Milk chocolate (block/coin) Alt 247,Finished Food Categories,248809,Altinmarka Gida San. Tic AS,Türkiye,"Distributor|Food Safety, Quality and Service",https://www.ingredientsnetwork.com/milk-chocolate-block-coin-alt-247-prod120481.html,No,Yes,No
Finished Product,120482,White chocolate (block/coin) Alt 248,Finished Food Categories,248809,Altinmarka Gida San. Tic AS,Türkiye,"Distributor|Food Safety, Quality and Service",https://www.ingredientsnetwork.com/white-chocolate-block-coin-alt-248-prod120482.html,No,Yes,No
Finished Product,120483,White chocolate (block) Alt 131,Finished Food Categories,248809,Altinmarka Gida San. Tic AS,Türkiye,"Distributor|Food Safety, Quality and Service",https://www.ingredientsnetwork.com/white-chocolate-block-alt-131-prod120483.html,No,Yes,No
Finished Product,120484,White chocolate (block) Alt 16,Finished Food Categories,248809,Altinmarka Gida San. Tic AS,Türkiye,"Distributor|Food Safety, Quality and Service",https://www.ingredientsnetwork.com/white-chocolate-block-alt-16-prod120484.html,No,Yes,No
Finished Product,120485,Dark chocolate Alt 209,Finished Food Categories | Specialised Finished Products,248809,Altinmarka Gida San. Tic AS,Türkiye,"Distributor|Food Safety, Quality and Service",https://www.ingredientsnetwork.com/dark-chocolate-alt-209-prod120485.html,No,Yes,No
Finished Product,120486,Milk chocolate Alt 208,Finished Food Categories,248809,Altinmarka Gida San. Tic AS,Türkiye,"Distributor|Food Safety, Quality and Service",https://www.ingredientsnetwork.com/milk-chocolate-alt-208-prod120486.html,No,Yes,No
Ingredient,120487,Dark chocolate Alt 58,"Additives incl. Flavourings & Colours | Fruit, Seeds, Nuts & Peanuts, Vegetables",248809,Altinmarka Gida San. Tic AS,Türkiye,"Distributor|Food Safety, Quality and Service",https://www.ingredientsnetwork.com/dark-chocolate-alt-58-prod120487.html,No,Yes,No
Finished Product,120488,Dark chocolate Alt 187,Finished Food Categories,248809,Altinmarka Gida San. Tic AS,Türkiye,"Distributor|Food Safety, Quality and Service",https://www.ingredientsnetwork.com/dark-chocolate-alt-187-prod120488.html,No,Yes,No
Ingredient,120489,Milk chocolate Alt 52,"Additives incl. Flavourings & Colours | Dairy Ingredients | Fruit, Seeds, Nuts & Peanuts, Vegetables",248809,Altinmarka Gida San. Tic AS,Türkiye,"Distributor|Food Safety, Quality and Service",https://www.ingredientsnetwork.com/milk-chocolate-alt-52-prod120489.html,No,Yes,No
Finished Product,120490,Milk chocolate Alt 188,Finished Food Categories,248809,Altinmarka Gida San. Tic AS,Türkiye,"Distributor|Food Safety, Quality and Service",https://www.ingredientsnetwork.com/milk-chocolate-alt-188-prod120490.html,No,Yes,No
Ingredient,120491,White chocolate Alt 59,"Additives incl. Flavourings & Colours | Carbohydrates, Sugars | Fats & Oils",248809,Altinmarka Gida San. Tic AS,Türkiye,"Distributor|Food Safety, Quality and Service",https://www.ingredientsnetwork.com/white-chocolate-alt-59-prod120491.html,No,Yes,No
Ingredient,120492,White chocolate Alt 189,"Additives incl. Flavourings & Colours | Carbohydrates, Sugars | Dairy Ingredients | Fats & Oils | Fruit, Seeds, Nuts & Peanuts, Vegetables",248809,Altinmarka Gida San. Tic AS,Türkiye,"Distributor|Food Safety, Quality and Service",https://www.ingredientsnetwork.com/white-chocolate-alt-189-prod120492.html,No,Yes,No
Ingredient,120493,Dark chocolate alt 143,"Additives incl. Flavourings & Colours | Fruit, Seeds, Nuts & Peanuts, Vegetables",248809,Altinmarka Gida San. Tic AS,Türkiye,"Distributor|Food Safety, Quality and Service",https://www.ingredientsnetwork.com/dark-chocolate-alt-143-prod120493.html,No,Yes,No
Ingredient,120494,Milk chocolate (block) alt 35,"Carbohydrates, Sugars | Fats & Oils | Fruit, Seeds, Nuts & Peanuts, Vegetables",248809,Altinmarka Gida San. Tic AS,Türkiye,"Distributor|Food Safety, Quality and Service",https://www.ingredientsnetwork.com/milk-chocolate-block-alt-35-prod120494.html,No,Yes,No
Finished Product,120495,Milk chocolate (block) alt 133,Finished Food Categories,248809,Altinmarka Gida San. Tic AS,Türkiye,"Distributor|Food Safety, Quality and Service",https://www.ingredientsnetwork.com/milk-chocolate-block-alt-133-prod120495.html,No,Yes,No
Ingredient,120496,White chocolate alt 33,"Carbohydrates, Sugars | Fats & Oils | Fruit, Seeds, Nuts & Peanuts, Vegetables | Ingredient Mixtures, Synbiotics",248809,Altinmarka Gida San. Tic AS,Türkiye,"Distributor|Food Safety, Quality and Service",https://www.ingredientsnetwork.com/white-chocolate-alt-33-prod120496.html,No,Yes,No
Ingredient,120497,Milk compound (block/liquid) Alt 38,"Additives incl. Flavourings & Colours | Fats & Oils | Fruit, Seeds, Nuts & Peanuts, Vegetables | Vitamins, Minerals",248809,Altinmarka Gida San. Tic AS,Türkiye,"Distributor|Food Safety, Quality and Service",https://www.ingredientsnetwork.com/milk-compound-block-liquid-alt-38-prod120497.html,No,Yes,No
Finished Product,120498,Dark chocolate Alt 183,Finished Food Categories,248809,Altinmarka Gida San. Tic AS,Türkiye,"Distributor|Food Safety, Quality and Service",https://www.ingredientsnetwork.com/dark-chocolate-alt-183-prod120498.html,No,Yes,No
Ingredient,120499,Dark chocolate drop (block) Alt 76,"Additives incl. Flavourings & Colours | Fruit, Seeds, Nuts & Peanuts, Vegetables",248809,Altinmarka Gida San. Tic AS,Türkiye,"Distributor|Food Safety, Quality and Service",https://www.ingredientsnetwork.com/dark-chocolate-drop-block-alt-76-prod120499.html,No,Yes,No
Finished Product,120500,Dark chocolate (block) drop Alt 219,Finished Food Categories,248809,Altinmarka Gida San. Tic AS,Türkiye,"Distributor|Food Safety, Quality and Service",https://www.ingredientsnetwork.com/dark-chocolate-block-drop-alt-219-prod120500.html,No,Yes,No
Ingredient,120501,Dark chocolate drop (block) Alt 137,"Fruit, Seeds, Nuts & Peanuts, Vegetables",248809,Altinmarka Gida San. Tic AS,Türkiye,"Distributor|Food Safety, Quality and Service",https://www.ingredientsnetwork.com/dark-chocolate-drop-block-alt-137-prod120501.html,No,Yes,No
Ingredient,120502,Dark chocolate drop (block) Alt 66,"Additives incl. Flavourings & Colours | Fruit, Seeds, Nuts & Peanuts, Vegetables",248809,Altinmarka Gida San. Tic AS,Türkiye,"Distributor|Food Safety, Quality and Service",https://www.ingredientsnetwork.com/dark-chocolate-drop-block-alt-66-prod120502.html,No,Yes,No
Ingredient,120503,Dark chocolate drop (block) Alt 45,"Fruit, Seeds, Nuts & Peanuts, Vegetables",248809,Altinmarka Gida San. Tic AS,Türkiye,"Distributor|Food Safety, Quality and Service",https://www.ingredientsnetwork.com/dark-chocolate-drop-block-alt-45-prod120503.html,No,Yes,No
Ingredient,120504,Milk chocolate drop (block) Alt 160,"Dairy Ingredients | Fruit, Seeds, Nuts & Peanuts, Vegetables",248809,Altinmarka Gida San. Tic AS,Türkiye,"Distributor|Food Safety, Quality and Service",https://www.ingredientsnetwork.com/milk-chocolate-drop-block-alt-160-prod120504.html,No,Yes,No
Ingredient,120505,Milk chocolate drop (block) Alt 247,"Fruit, Seeds, Nuts & Peanuts, Vegetables",248809,Altinmarka Gida San. Tic AS,Türkiye,"Distributor|Food Safety, Quality and Service",https://www.ingredientsnetwork.com/milk-chocolate-drop-block-alt-247-prod120505.html,No,Yes,No
Ingredient,120506,White chocolate drop (block) Alt 248,"Fruit, Seeds, Nuts & Peanuts, Vegetables",248809,Altinmarka Gida San. Tic AS,Türkiye,"Distributor|Food Safety, Quality and Service",https://www.ingredientsnetwork.com/white-chocolate-drop-block-alt-248-prod120506.html,No,Yes,No
Ingredient,120507,White chocolate drop Alt 16,"Additives incl. Flavourings & Colours | Fats & Oils | Fruit, Seeds, Nuts & Peanuts, Vegetables",248809,Altinmarka Gida San. Tic AS,Türkiye,"Distributor|Food Safety, Quality and Service",https://www.ingredientsnetwork.com/white-chocolate-drop-alt-16-prod120507.html,No,Yes,No
Ingredient,120508,Dark and white chocolate Alt 159,"Fruit, Seeds, Nuts & Peanuts, Vegetables",248809,Altinmarka Gida San. Tic AS,Türkiye,"Distributor|Food Safety, Quality and Service",https://www.ingredientsnetwork.com/dark-and-white-chocolate-alt-159-prod120508.html,No,Yes,No
Ingredient,120509,Dark compound drop ( block) Alt 04,"Fruit, Seeds, Nuts & Peanuts, Vegetables",248809,Altinmarka Gida San. Tic AS,Türkiye,"Distributor|Food Safety, Quality and Service",https://www.ingredientsnetwork.com/dark-compound-drop-block-alt-04-prod120509.html,No,Yes,No
Ingredient,120510,Dark compound drop ( block) Alt 67,"Fruit, Seeds, Nuts & Peanuts, Vegetables",248809,Altinmarka Gida San. Tic AS,Türkiye,"Distributor|Food Safety, Quality and Service",https://www.ingredientsnetwork.com/dark-compound-drop-block-alt-67-prod120510.html,No,Yes,No
Ingredient,120511,Dark compound Alt 204,"Fruit, Seeds, Nuts & Peanuts, Vegetables",248809,Altinmarka Gida San. Tic AS,Türkiye,"Distributor|Food Safety, Quality and Service",https://www.ingredientsnetwork.com/dark-compound-alt-204-prod120511.html,No,Yes,No
Ingredient,120512,Milk compound Alt 120,"Dairy Ingredients | Fats & Oils | Fruit, Seeds, Nuts & Peanuts, Vegetables",248809,Altinmarka Gida San. Tic AS,Türkiye,"Distributor|Food Safety, Quality and Service",https://www.ingredientsnetwork.com/milk-compound-alt-120-prod120512.html,No,Yes,No
Ingredient,120513,Milk compound Alt 188,"Dairy Ingredients | Fruit, Seeds, Nuts & Peanuts, Vegetables",248809,Altinmarka Gida San. Tic AS,Türkiye,"Distributor|Food Safety, Quality and Service",https://www.ingredientsnetwork.com/milk-compound-alt-188-prod120513.html,No,Yes,No
Ingredient,120514,White compound drop (block) Alt 59,"Fruit, Seeds, Nuts & Peanuts, Vegetables",248809,Altinmarka Gida San. Tic AS,Türkiye,"Distributor|Food Safety, Quality and Service",https://www.ingredientsnetwork.com/white-compound-drop-block-alt-59-prod120514.html,No,Yes,No
Ingredient,120515,Dark and white compound Alt 170,"Additives incl. Flavourings & Colours | Fats & Oils | Fruit, Seeds, Nuts & Peanuts, Vegetables",248809,Altinmarka Gida San. Tic AS,Türkiye,"Distributor|Food Safety, Quality and Service",https://www.ingredientsnetwork.com/dark-and-white-compound-alt-170-prod120515.html,No,Yes,No
Finished Product,120516,Dark chocolate stick (block) Alt 144,Finished Food Categories,248809,Altinmarka Gida San. Tic AS,Türkiye,"Distributor|Food Safety, Quality and Service",https://www.ingredientsnetwork.com/dark-chocolate-stick-block-alt-144-prod120516.html,No,Yes,No
Ingredient,120517,Dark compound Alt 277.,"Fruit, Seeds, Nuts & Peanuts, Vegetables",248809,Altinmarka Gida San. Tic AS,Türkiye,"Distributor|Food Safety, Quality and Service",https://www.ingredientsnetwork.com/dark-compound-alt-277-prod120517.html,No,Yes,No
Finished Product,120518,Dark chocolate Alt 213,Finished Food Categories,248809,Altinmarka Gida San. Tic AS,Türkiye,"Distributor|Food Safety, Quality and Service",https://www.ingredientsnetwork.com/dark-chocolate-alt-213-prod120518.html,No,Yes,No
Finished Product,120519,Dark chocolate flake (block) Alt 45,Finished Food Categories,248809,Altinmarka Gida San. Tic AS,Türkiye,"Distributor|Food Safety, Quality and Service",https://www.ingredientsnetwork.com/dark-chocolate-flake-block-alt-45-prod120519.html,No,Yes,No
Finished Product,120520,Dark chocolate flake (block) Alt 76,Finished Food Categories,248809,Altinmarka Gida San. Tic AS,Türkiye,"Distributor|Food Safety, Quality and Service",https://www.ingredientsnetwork.com/dark-chocolate-flake-block-alt-76-prod120520.html,No,Yes,No
Finished Product,120521,Dark chocolate flake (block) Alt 07,Finished Food Categories,248809,Altinmarka Gida San. Tic AS,Türkiye,"Distributor|Food Safety, Quality and Service",https://www.ingredientsnetwork.com/dark-chocolate-flake-block-alt-07-prod120521.html,No,Yes,No
Finished Product,120522,Milk chocolate Flake (block) Alt 70,Finished Food Categories,248809,Altinmarka Gida San. Tic AS,Türkiye,"Distributor|Food Safety, Quality and Service",https://www.ingredientsnetwork.com/milk-chocolate-flake-block-alt-70-prod120522.html,No,Yes,No
Finished Product,120523,Milk chocolate Alt 71,Finished Food Categories,248809,Altinmarka Gida San. Tic AS,Türkiye,"Distributor|Food Safety, Quality and Service",https://www.ingredientsnetwork.com/milk-chocolate-alt-71-prod120523.html,No,Yes,No
Ingredient,120524,Dark chocolate Splinter Alt 05,"Fruit, Seeds, Nuts & Peanuts, Vegetables",248809,Altinmarka Gida San. Tic AS,Türkiye,"Distributor|Food Safety, Quality and Service",https://www.ingredientsnetwork.com/dark-chocolate-splinter-alt-05-prod120524.html,No,Yes,No
Finished Product,120525,Dark chocolate Alt 219,Finished Food Categories,248809,Altinmarka Gida San. Tic AS,Türkiye,"Distributor|Food Safety, Quality and Service",https://www.ingredientsnetwork.com/dark-chocolate-alt-219-prod120525.html,No,Yes,No
Ingredient,120526,Dark chocolate Alt 45,"Additives incl. Flavourings & Colours | Fruit, Seeds, Nuts & Peanuts, Vegetables",248809,Altinmarka Gida San. Tic AS,Türkiye,"Distributor|Food Safety, Quality and Service",https://www.ingredientsnetwork.com/dark-chocolate-alt-45-prod120526.html,No,Yes,No
Ingredient,120527,Dark chocolate chunk (block) Alt 07,"Additives incl. Flavourings & Colours | Fruit, Seeds, Nuts & Peanuts, Vegetables | Vitamins, Minerals",248809,Altinmarka Gida San. Tic AS,Türkiye,"Distributor|Food Safety, Quality and Service",https://www.ingredientsnetwork.com/dark-chocolate-chunk-block-alt-07-prod120527.html,No,Yes,No
Finished Product,120528,Milk chocolate Flake (block) Alt 108,Finished Food Categories,248809,Altinmarka Gida San. Tic AS,Türkiye,"Distributor|Food Safety, Quality and Service",https://www.ingredientsnetwork.com/milk-chocolate-flake-block-alt-108-prod120528.html,No,Yes,No
Ingredient,120529,Milk chocolate chunk (block) Alt 247,"Fruit, Seeds, Nuts & Peanuts, Vegetables | Ingredient Mixtures, Synbiotics",248809,Altinmarka Gida San. Tic AS,Türkiye,"Distributor|Food Safety, Quality and Service",https://www.ingredientsnetwork.com/milk-chocolate-chunk-block-alt-247-prod120529.html,No,Yes,No
Ingredient,120530,Milk chocolate Chunk (block) Alt 70,"Fruit, Seeds, Nuts & Peanuts, Vegetables",248809,Altinmarka Gida San. Tic AS,Türkiye,"Distributor|Food Safety, Quality and Service",https://www.ingredientsnetwork.com/milk-chocolate-chunk-block-alt-70-prod120530.html,No,Yes,No
Ingredient,120531,White chocolate chunk (block) Alt 248,"Additives incl. Flavourings & Colours | Fruit, Seeds, Nuts & Peanuts, Vegetables",248809,Altinmarka Gida San. Tic AS,Türkiye,"Distributor|Food Safety, Quality and Service",https://www.ingredientsnetwork.com/white-chocolate-chunk-block-alt-248-prod120531.html,No,Yes,No
Finished Product,120532,Milk chocolate Alt 16,Finished Food Categories,248809,Altinmarka Gida San. Tic AS,Türkiye,"Distributor|Food Safety, Quality and Service",https://www.ingredientsnetwork.com/milk-chocolate-alt-16-prod120532.html,No,Yes,No
Ingredient,120533,Mix chocolate Alt 45/70/16,"Additives incl. Flavourings & Colours | Fruit, Seeds, Nuts & Peanuts, Vegetables",248809,Altinmarka Gida San. Tic AS,Türkiye,"Distributor|Food Safety, Quality and Service",https://www.ingredientsnetwork.com/mix-chocolate-alt-45-70-16-prod120533.html,No,Yes,No
Ingredient,120534,Dark chocolate drop (couverture) Alt 73,"Additives incl. Flavourings & Colours | Fruit, Seeds, Nuts & Peanuts, Vegetables",248809,Altinmarka Gida San. Tic AS,Türkiye,"Distributor|Food Safety, Quality and Service",https://www.ingredientsnetwork.com/dark-chocolate-drop-couverture-alt-73-prod120534.html,No,Yes,No
Ingredient,120535,Milk chocolate Alt 73,"Fruit, Seeds, Nuts & Peanuts, Vegetables",248809,Altinmarka Gida San. Tic AS,Türkiye,"Distributor|Food Safety, Quality and Service",https://www.ingredientsnetwork.com/milk-chocolate-alt-73-prod120535.html,No,Yes,No
Ingredient,120536,Dark chocolate chunk (block) Alt 73,"Fruit, Seeds, Nuts & Peanuts, Vegetables",248809,Altinmarka Gida San. Tic AS,Türkiye,"Distributor|Food Safety, Quality and Service",https://www.ingredientsnetwork.com/dark-chocolate-chunk-block-alt-73-prod120536.html,No,Yes,No
Ingredient,120537,Dark chocolate drop (block) Alt 277,"Fruit, Seeds, Nuts & Peanuts, Vegetables",248809,Altinmarka Gida San. Tic AS,Türkiye,"Distributor|Food Safety, Quality and Service",https://www.ingredientsnetwork.com/dark-chocolate-drop-block-alt-277-prod120537.html,No,Yes,No
Ingredient,120538,Milk chocolate drop (block) Alt 299,"Fruit, Seeds, Nuts & Peanuts, Vegetables",248809,Altinmarka Gida San. Tic AS,Türkiye,"Distributor|Food Safety, Quality and Service",https://www.ingredientsnetwork.com/milk-chocolate-drop-block-alt-299-prod120538.html,No,Yes,No
Ingredient,120539,Dark chocolate chunk (block) Alt 277,"Additives incl. Flavourings & Colours | Fruit, Seeds, Nuts & Peanuts, Vegetables",248809,Altinmarka Gida San. Tic AS,Türkiye,"Distributor|Food Safety, Quality and Service",https://www.ingredientsnetwork.com/dark-chocolate-chunk-block-alt-277-prod120539.html,No,Yes,No
Ingredient,120540,Milk chocolate chunk (block) Alt 299,"Fruit, Seeds, Nuts & Peanuts, Vegetables",248809,Altinmarka Gida San. Tic AS,Türkiye,"Distributor|Food Safety, Quality and Service",https://www.ingredientsnetwork.com/milk-chocolate-chunk-block-alt-299-prod120540.html,No,Yes,No
Ingredient,120541,Pralines Alt 56,"Dairy Ingredients | Fruit, Seeds, Nuts & Peanuts, Vegetables | Ingredient Mixtures, Synbiotics",248809,Altinmarka Gida San. Tic AS,Türkiye,"Distributor|Food Safety, Quality and Service",https://www.ingredientsnetwork.com/pralines-alt-56-prod120541.html,No,Yes,No
Ingredient,120542,Pralines Alt 55,"Dairy Ingredients | Fruit, Seeds, Nuts & Peanuts, Vegetables | Ingredient Mixtures, Synbiotics",248809,Altinmarka Gida San. Tic AS,Türkiye,"Distributor|Food Safety, Quality and Service",https://www.ingredientsnetwork.com/pralines-alt-55-prod120542.html,No,Yes,No
Ingredient,120543,Pralines Alt 258,"Dairy Ingredients | Fruit, Seeds, Nuts & Peanuts, Vegetables | Ingredient Mixtures, Synbiotics",248809,Altinmarka Gida San. Tic AS,Türkiye,"Distributor|Food Safety, Quality and Service",https://www.ingredientsnetwork.com/pralines-alt-258-prod120543.html,No,Yes,No
Ingredient,120544,Pralines Alt 259,"Dairy Ingredients | Fruit, Seeds, Nuts & Peanuts, Vegetables | Ingredient Mixtures, Synbiotics",248809,Altinmarka Gida San. Tic AS,Türkiye,"Distributor|Food Safety, Quality and Service",https://www.ingredientsnetwork.com/pralines-alt-259-prod120544.html,No,Yes,No
Ingredient,120545,Dark chocolate Alt 173,"Additives incl. Flavourings & Colours | Fruit, Seeds, Nuts & Peanuts, Vegetables",248809,Altinmarka Gida San. Tic AS,Türkiye,"Distributor|Food Safety, Quality and Service",https://www.ingredientsnetwork.com/dark-chocolate-alt-173-prod120545.html,No,Yes,No
Ingredient,120546,White chocolate Alt 176,"Fruit, Seeds, Nuts & Peanuts, Vegetables",248809,Altinmarka Gida San. Tic AS,Türkiye,"Distributor|Food Safety, Quality and Service",https://www.ingredientsnetwork.com/white-chocolate-alt-176-prod120546.html,No,Yes,No
Ingredient,120547,Dark chocolate Alt 243,"Additives incl. Flavourings & Colours | Fruit, Seeds, Nuts & Peanuts, Vegetables",248809,Altinmarka Gida San. Tic AS,Türkiye,"Distributor|Food Safety, Quality and Service",https://www.ingredientsnetwork.com/dark-chocolate-alt-243-prod120547.html,No,Yes,No
Finished Product,120548,Milk chocolate Alt 242,Finished Food Categories,248809,Altinmarka Gida San. Tic AS,Türkiye,"Distributor|Food Safety, Quality and Service",https://www.ingredientsnetwork.com/milk-chocolate-alt-242-prod120548.html,No,Yes,No
Ingredient,120549,White chocolate Alt 255,"Additives incl. Flavourings & Colours | Fats & Oils | Fruit, Seeds, Nuts & Peanuts, Vegetables",248809,Altinmarka Gida San. Tic AS,Türkiye,"Distributor|Food Safety, Quality and Service",https://www.ingredientsnetwork.com/white-chocolate-alt-255-prod120549.html,No,Yes,No
Ingredient,120550,Hazelnut Alt 244,"Additives incl. Flavourings & Colours | Fruit, Seeds, Nuts & Peanuts, Vegetables",248809,Altinmarka Gida San. Tic AS,Türkiye,"Distributor|Food Safety, Quality and Service",https://www.ingredientsnetwork.com/hazelnut-alt-244-prod120550.html,No,Yes,No
Ingredient,120551,Hazelnut and cocoa Alt 245,"Additives incl. Flavourings & Colours | Fruit, Seeds, Nuts & Peanuts, Vegetables",248809,Altinmarka Gida San. Tic AS,Türkiye,"Distributor|Food Safety, Quality and Service",https://www.ingredientsnetwork.com/hazelnut-and-cocoa-alt-245-prod120551.html,No,Yes,No
Finished Product,120552,Milk with cocoa Alt 162,Finished Food Categories,248809,Altinmarka Gida San. Tic AS,Türkiye,"Distributor|Food Safety, Quality and Service",https://www.ingredientsnetwork.com/milk-with-cocoa-alt-162-prod120552.html,No,Yes,No
Ingredient,120553,White Alt 47,"Fruit, Seeds, Nuts & Peanuts, Vegetables",248809,Altinmarka Gida San. Tic AS,Türkiye,"Distributor|Food Safety, Quality and Service",https://www.ingredientsnetwork.com/white-alt-47-prod120553.html,No,Yes,No
Ingredient,120554,White Alt 87,"Additives incl. Flavourings & Colours | Fats & Oils | Fruit, Seeds, Nuts & Peanuts, Vegetables",248809,Altinmarka Gida San. Tic AS,Türkiye,"Distributor|Food Safety, Quality and Service",https://www.ingredientsnetwork.com/white-alt-87-prod120554.html,No,Yes,No
Finished Product,120555,Milk Alt 216,Finished Food Categories,248809,Altinmarka Gida San. Tic AS,Türkiye,"Distributor|Food Safety, Quality and Service",https://www.ingredientsnetwork.com/milk-alt-216-prod120555.html,No,Yes,No
Ingredient,120556,Dark Alt 201,"Fruit, Seeds, Nuts & Peanuts, Vegetables",248809,Altinmarka Gida San. Tic AS,Türkiye,"Distributor|Food Safety, Quality and Service",https://www.ingredientsnetwork.com/dark-alt-201-prod120556.html,No,Yes,No
Ingredient,120557,Milk Alt 202,"Fruit, Seeds, Nuts & Peanuts, Vegetables | Ingredient Mixtures, Synbiotics",248809,Altinmarka Gida San. Tic AS,Türkiye,"Distributor|Food Safety, Quality and Service",https://www.ingredientsnetwork.com/milk-alt-202-prod120557.html,No,Yes,No
Ingredient,120558,Cappuccino Alt 89,"Additives incl. Flavourings & Colours | Fruit, Seeds, Nuts & Peanuts, Vegetables",248809,Altinmarka Gida San. Tic AS,Türkiye,"Distributor|Food Safety, Quality and Service",https://www.ingredientsnetwork.com/cappuccino-alt-89-prod120558.html,No,Yes,No
Ingredient,120559,Almond Alt 267,"Additives incl. Flavourings & Colours | Fruit, Seeds, Nuts & Peanuts, Vegetables",248809,Altinmarka Gida San. Tic AS,Türkiye,"Distributor|Food Safety, Quality and Service",https://www.ingredientsnetwork.com/almond-alt-267-prod120559.html,No,Yes,No
Ingredient,120560,Hazelnut Alt 268,"Additives incl. Flavourings & Colours | Fruit, Seeds, Nuts & Peanuts, Vegetables",248809,Altinmarka Gida San. Tic AS,Türkiye,"Distributor|Food Safety, Quality and Service",https://www.ingredientsnetwork.com/hazelnut-alt-268-prod120560.html,No,Yes,No
Ingredient,120561,Pistachio Alt 270,"Additives incl. Flavourings & Colours | Fruit, Seeds, Nuts & Peanuts, Vegetables",248809,Altinmarka Gida San. Tic AS,Türkiye,"Distributor|Food Safety, Quality and Service",https://www.ingredientsnetwork.com/pistachio-alt-270-prod120561.html,No,Yes,No
Finished Product,120562,Yoghurt with strawberry Alt 269,Finished Food Categories,248809,Altinmarka Gida San. Tic AS,Türkiye,"Distributor|Food Safety, Quality and Service",https://www.ingredientsnetwork.com/yoghurt-with-strawberry-alt-269-prod120562.html,No,Yes,No
Ingredient,120563,Nougat with hazelnut Alt 276,"Fruit, Seeds, Nuts & Peanuts, Vegetables | Ingredient Mixtures, Synbiotics",248809,Altinmarka Gida San. Tic AS,Türkiye,"Distributor|Food Safety, Quality and Service",https://www.ingredientsnetwork.com/nougat-with-hazelnut-alt-276-prod120563.html,No,Yes,No
Ingredient,120564,Hazelnut gianduja Alt 210,"Fruit, Seeds, Nuts & Peanuts, Vegetables | Ingredient Mixtures, Synbiotics",248809,Altinmarka Gida San. Tic AS,Türkiye,"Distributor|Food Safety, Quality and Service",https://www.ingredientsnetwork.com/hazelnut-gianduja-alt-210-prod120564.html,No,Yes,No
Ingredient,120614,Tea raw materials,"Additives incl. Flavourings & Colours | Algae, Botanicals, Carotenoids, Flavonoids",249583,Aromaplant GmbH,Germany,Raw Material Supplier,https://www.ingredientsnetwork.com/tea-raw-materials-prod120614.html,No,No,No
Ingredient,120615,Herbs and spices,"Herbs, Spices",249583,Aromaplant GmbH,Germany,Raw Material Supplier,https://www.ingredientsnetwork.com/herbs-and-spices-prod120615.html,No,No,No
Ingredient | Finished Product,120618,Dried fruits,"Additives incl. Flavourings & Colours | Finished Food Categories | Ingredient Mixtures, Synbiotics",249583,Aromaplant GmbH,Germany,Raw Material Supplier,https://www.ingredientsnetwork.com/dried-fruits-prod120618.html,No,No,No
Ingredient | Finished Product,120689,Creapure®,"Bioactive Compounds - Other | Proteins, Enzymes, Amino Acids | Specialised Finished Products",248811,AlzChem Trostberg GmbH,Germany,Manufacturer: Ingredients / Additives,https://www.ingredientsnetwork.com/creapure-prod120689.html,No,No,No
Ingredient | Finished Product,120773,Whole Almonds,"Fruit, Seeds, Nuts & Peanuts, Vegetables | Specialised Finished Products",248699,Almond Board of California,United States,"Food Safety, Quality and Service|Government /Pavilion Organiser /Trade Association",https://www.ingredientsnetwork.com/whole-almonds-prod120773.html,No,Yes,No
Finished Product,120775,Almond Milk,Finished Food Categories | Specialised Finished Products,248699,Almond Board of California,United States,"Food Safety, Quality and Service|Government /Pavilion Organiser /Trade Association",https://www.ingredientsnetwork.com/almond-milk-prod120775.html,No,Yes,No
Ingredient | Finished Product,120777,Almond Oil,Fats & Oils | Finished Food Categories,248699,Almond Board of California,United States,"Food Safety, Quality and Service|Government /Pavilion Organiser /Trade Association",https://www.ingredientsnetwork.com/almond-oil-prod120777.html,No,Yes,No
Ingredient,120799,Natural Marine Oils,Fats & Oils,249727,Polaris,France,Manufacturer: Ingredients / Additives,https://www.ingredientsnetwork.com/natural-marine-oils-prod120799.html,No,No,Yes
Ingredient,120800,Concentrated Marine Oils,Fats & Oils,249727,Polaris,France,Manufacturer: Ingredients / Additives,https://www.ingredientsnetwork.com/concentrated-marine-oils-prod120800.html,No,No,Yes
Ingredient,120801,Vegetable Oils,"Algae, Botanicals, Carotenoids, Flavonoids | Fats & Oils",249727,Polaris,France,Manufacturer: Ingredients / Additives,https://www.ingredientsnetwork.com/vegetable-oils-prod120801.html,No,No,Yes
Ingredient,120802,Vegetables oils,Fats & Oils,249727,Polaris,France,Manufacturer: Ingredients / Additives,https://www.ingredientsnetwork.com/vegetables-oils-prod120802.html,No,No,Yes
Finished Product,120804,Innovative Capsules,Specialised Finished Products,249727,Polaris,France,Manufacturer: Ingredients / Additives,https://www.ingredientsnetwork.com/innovative-capsules-prod120804.html,No,No,Yes
Ingredient,120934,Anchovies,"Additives incl. Flavourings & Colours | Fruit, Seeds, Nuts & Peanuts, Vegetables | Proteins, Enzymes, Amino Acids",249139,New Foods Industry SpA,Italy,,https://www.ingredientsnetwork.com/anchovies-prod120934.html,No,No,No
Ingredient,121051,Almond Paste,"Fruit, Seeds, Nuts & Peanuts, Vegetables | Ingredient Mixtures, Synbiotics",249139,New Foods Industry SpA,Italy,,https://www.ingredientsnetwork.com/almond-paste-prod121051.html,No,No,No
Ingredient,121053,Agave Blue,Syrups & Others,249139,New Foods Industry SpA,Italy,,https://www.ingredientsnetwork.com/agave-blue-prod121053.html,No,No,No
Ingredient,121366,Alsace Sausage,Additives incl. Flavourings & Colours,249106,Lionel Hitchen (Essential Oils) Ltd.,United Kingdom,,https://www.ingredientsnetwork.com/alsace-sausage-prod121366.html,No,No,No
Ingredient,121367,Andouille Blend,Additives incl. Flavourings & Colours,249106,Lionel Hitchen (Essential Oils) Ltd.,United Kingdom,,https://www.ingredientsnetwork.com/andouille-blend-prod121367.html,No,No,No
Ingredient,121405,American Breakfast Sausage,Additives incl. Flavourings & Colours,249106,Lionel Hitchen (Essential Oils) Ltd.,United Kingdom,,https://www.ingredientsnetwork.com/american-breakfast-sausage-prod121405.html,No,No,No
Ingredient,121958,Equacia™,"Additives incl. Flavourings & Colours | Dietary Fibres, Prebiotics | Ingredient Mixtures, Synbiotics",249140,Nexira,France,Manufacturer: Ingredients / Additives,https://www.ingredientsnetwork.com/equacia-prod121958.html,Yes,Yes,Yes
Ingredient,121959,Fibregum™,"Additives incl. Flavourings & Colours | Dietary Fibres, Prebiotics",249140,Nexira,France,Manufacturer: Ingredients / Additives,https://www.ingredientsnetwork.com/fibregum-prod121959.html,Yes,Yes,Yes
Ingredient,121960,Floracia™,"Dietary Fibres, Prebiotics | Ingredient Mixtures, Synbiotics",249140,Nexira,France,Manufacturer: Ingredients / Additives,https://www.ingredientsnetwork.com/floracia-prod121960.html,Yes,Yes,Yes
Ingredient,121962,Eficacia™,Additives incl. Flavourings & Colours,249140,Nexira,France,Manufacturer: Ingredients / Additives,https://www.ingredientsnetwork.com/eficacia-prod121962.html,Yes,Yes,Yes
Ingredient,121964,Instantgum™,Additives incl. Flavourings & Colours,249140,Nexira,France,Manufacturer: Ingredients / Additives,https://www.ingredientsnetwork.com/instantgum-prod121964.html,Yes,Yes,Yes
Ingredient,121968,Coatingum™,Additives incl. Flavourings & Colours,249140,Nexira,France,Manufacturer: Ingredients / Additives,https://www.ingredientsnetwork.com/coatingum-prod121968.html,Yes,Yes,Yes
Ingredient,121969,Encapcia™,Additives incl. Flavourings & Colours,249140,Nexira,France,Manufacturer: Ingredients / Additives,https://www.ingredientsnetwork.com/encapcia-prod121969.html,Yes,Yes,Yes
Ingredient,121971,Efistab™,"Additives incl. Flavourings & Colours | Algae, Botanicals, Carotenoids, Flavonoids",249140,Nexira,France,Manufacturer: Ingredients / Additives,https://www.ingredientsnetwork.com/efistab-prod121971.html,Yes,Yes,Yes
Ingredient,121972,Fibregum™ Feed,"Additives incl. Flavourings & Colours | Dietary Fibres, Prebiotics",249140,Nexira,France,Manufacturer: Ingredients / Additives,https://www.ingredientsnetwork.com/fibregum-feed-prod121972.html,Yes,Yes,Yes
Ingredient | Finished Product,121976,Oli-Ola™,Additives incl. Flavourings & Colours | Specialised Finished Products,249140,Nexira,France,Manufacturer: Ingredients / Additives,https://www.ingredientsnetwork.com/oli-ola-prod121976.html,Yes,Yes,Yes
Ingredient | Finished Product,121978,Osteol™,Bioactive Compounds - Other | Specialised Finished Products,249140,Nexira,France,Manufacturer: Ingredients / Additives,https://www.ingredientsnetwork.com/osteol-prod121978.html,Yes,Yes,Yes
Ingredient,121979,Resveravine™,"Additives incl. Flavourings & Colours | Algae, Botanicals, Carotenoids, Flavonoids | Bioactive Compounds - Other",249140,Nexira,France,Manufacturer: Ingredients / Additives,https://www.ingredientsnetwork.com/resveravine-prod121979.html,Yes,Yes,Yes
Ingredient,121985,Exocyan™,"Additives incl. Flavourings & Colours | Algae, Botanicals, Carotenoids, Flavonoids",249140,Nexira,France,Manufacturer: Ingredients / Additives,https://www.ingredientsnetwork.com/exocyan-prod121985.html,Yes,Yes,Yes
Ingredient,121988,Acerola,"Additives incl. Flavourings & Colours | Algae, Botanicals, Carotenoids, Flavonoids | Vitamins, Minerals",249140,Nexira,France,Manufacturer: Ingredients / Additives,https://www.ingredientsnetwork.com/acerola-prod121988.html,Yes,Yes,Yes
Ingredient,121990,Artichoke,"Algae, Botanicals, Carotenoids, Flavonoids",249140,Nexira,France,Manufacturer: Ingredients / Additives,https://www.ingredientsnetwork.com/artichoke-prod121990.html,Yes,Yes,Yes
Ingredient,121994,Blackcurrant,"Algae, Botanicals, Carotenoids, Flavonoids | Fruit, Seeds, Nuts & Peanuts, Vegetables",249140,Nexira,France,Manufacturer: Ingredients / Additives,https://www.ingredientsnetwork.com/blackcurrant-prod121994.html,Yes,Yes,Yes
Ingredient,121998,Chicory,"Carbohydrates, Sugars | Dietary Fibres, Prebiotics",249140,Nexira,France,Manufacturer: Ingredients / Additives,https://www.ingredientsnetwork.com/chicory-prod121998.html,Yes,Yes,Yes
Ingredient,122002,Cranberry,"Algae, Botanicals, Carotenoids, Flavonoids | Fruit, Seeds, Nuts & Peanuts, Vegetables",249140,Nexira,France,Manufacturer: Ingredients / Additives,https://www.ingredientsnetwork.com/cranberry-prod122002.html,Yes,Yes,Yes
Ingredient,122003,Desmodium,"Algae, Botanicals, Carotenoids, Flavonoids",249140,Nexira,France,Manufacturer: Ingredients / Additives,https://www.ingredientsnetwork.com/desmodium-prod122003.html,Yes,Yes,Yes
Ingredient,122007,Flaxseed,"Additives incl. Flavourings & Colours | Bioactive Compounds - Other | Fats & Oils | Fruit, Seeds, Nuts & Peanuts, Vegetables",249140,Nexira,France,Manufacturer: Ingredients / Additives,https://www.ingredientsnetwork.com/flaxseed-prod122007.html,Yes,Yes,Yes
Ingredient | Finished Product,122012,Ginseng Panax,"Algae, Botanicals, Carotenoids, Flavonoids | Specialised Finished Products",249140,Nexira,France,Manufacturer: Ingredients / Additives,https://www.ingredientsnetwork.com/ginseng-panax-prod122012.html,Yes,Yes,Yes
Ingredient,122015,Grape Seed,"Additives incl. Flavourings & Colours | Algae, Botanicals, Carotenoids, Flavonoids",249140,Nexira,France,Manufacturer: Ingredients / Additives,https://www.ingredientsnetwork.com/grape-seed-prod122015.html,Yes,Yes,Yes
Ingredient,122019,Guarana,"Algae, Botanicals, Carotenoids, Flavonoids",249140,Nexira,France,Manufacturer: Ingredients / Additives,https://www.ingredientsnetwork.com/guarana-prod122019.html,Yes,Yes,Yes
Ingredient,122022,Hibiscus,"Additives incl. Flavourings & Colours | Algae, Botanicals, Carotenoids, Flavonoids",249140,Nexira,France,Manufacturer: Ingredients / Additives,https://www.ingredientsnetwork.com/hibiscus-prod122022.html,Yes,Yes,Yes
Ingredient,122034,Nettle Leaf,"Algae, Botanicals, Carotenoids, Flavonoids | Herbs, Spices",249140,Nexira,France,Manufacturer: Ingredients / Additives,https://www.ingredientsnetwork.com/nettle-leaf-prod122034.html,Yes,Yes,Yes
Ingredient,122038,Passion Flower,"Additives incl. Flavourings & Colours | Algae, Botanicals, Carotenoids, Flavonoids",249140,Nexira,France,Manufacturer: Ingredients / Additives,https://www.ingredientsnetwork.com/passion-flower-prod122038.html,Yes,Yes,Yes
Ingredient,122057,Bilberry,"Additives incl. Flavourings & Colours | Algae, Botanicals, Carotenoids, Flavonoids",249140,Nexira,France,Manufacturer: Ingredients / Additives,https://www.ingredientsnetwork.com/bilberry-prod122057.html,Yes,Yes,Yes
Ingredient,122061,Lemon Juice,"Fruit, Seeds, Nuts & Peanuts, Vegetables",249140,Nexira,France,Manufacturer: Ingredients / Additives,https://www.ingredientsnetwork.com/lemon-juice-prod122061.html,Yes,Yes,Yes
Ingredient,122063,Nopal,"Algae, Botanicals, Carotenoids, Flavonoids | Dietary Fibres, Prebiotics",249140,Nexira,France,Manufacturer: Ingredients / Additives,https://www.ingredientsnetwork.com/nopal-prod122063.html,Yes,Yes,Yes
Ingredient,122096,SEEDGUM®,Additives incl. Flavourings & Colours,249110,LBG Sicilia SRL,Italy,Manufacturer: Ingredients / Additives,https://www.ingredientsnetwork.com/seedgum-prod122096.html,No,Yes,No
Ingredient,122116,ColdSwell: High performing starches,"Carbohydrates, Sugars | Dietary Fibres, Prebiotics",249093,KMC,Denmark,Manufacturer: Ingredients / Additives,https://www.ingredientsnetwork.com/coldswell-high-performing-starches-prod122116.html,No,Yes,No
Ingredient,122119,Gummy & jelly candies made with Gelamyl solutions from KMC,"Carbohydrates, Sugars | Dietary Fibres, Prebiotics",249093,KMC,Denmark,Manufacturer: Ingredients / Additives,https://www.ingredientsnetwork.com/gummy-jelly-candies-made-with-gelamyl-solutions-prod122119.html,No,Yes,No
Ingredient,122120,KMC Superior Potato Starch: Exceptionally Pure Native Potato Starch,"Carbohydrates, Sugars",249093,KMC,Denmark,Manufacturer: Ingredients / Additives,https://www.ingredientsnetwork.com/kmc-superior-potato-starch-exceptionally-pure-prod122120.html,No,Yes,No
Ingredient,122122,KMC Potato Flakes – easy water binding and viscosity control,"Additives incl. Flavourings & Colours | Fruit, Seeds, Nuts & Peanuts, Vegetables",249093,KMC,Denmark,Manufacturer: Ingredients / Additives,https://www.ingredientsnetwork.com/kmc-potato-flakes-easy-water-binding-and-prod122122.html,No,Yes,No
Ingredient | Finished Product,122123,KMC Potato Granules: Ideal for binding water,Additives incl. Flavourings & Colours | Finished Food Categories,249093,KMC,Denmark,Manufacturer: Ingredients / Additives,https://www.ingredientsnetwork.com/kmc-potato-granules-ideal-for-binding-water-prod122123.html,No,Yes,No
Ingredient,122144,JELUCEL® PF,"Additives incl. Flavourings & Colours | Dietary Fibres, Prebiotics",249067,JELU - WERK Josef Ehrler GmbH & Co. KG,Germany,Manufacturer: Ingredients / Additives,https://www.ingredientsnetwork.com/jelucel-pf-prod122144.html,No,No,No
Ingredient,122146,JELUCEL® BF,"Dietary Fibres, Prebiotics",249067,JELU - WERK Josef Ehrler GmbH & Co. KG,Germany,Manufacturer: Ingredients / Additives,https://www.ingredientsnetwork.com/jelucel-bf-prod122146.html,No,No,No
Ingredient,122147,JELUCEL® WF,"Additives incl. Flavourings & Colours | Dietary Fibres, Prebiotics",249067,JELU - WERK Josef Ehrler GmbH & Co. KG,Germany,Manufacturer: Ingredients / Additives,https://www.ingredientsnetwork.com/jelucel-wf-prod122147.html,No,No,No
Ingredient,122148,JELUCEL® OF,"Dietary Fibres, Prebiotics",249067,JELU - WERK Josef Ehrler GmbH & Co. KG,Germany,Manufacturer: Ingredients / Additives,https://www.ingredientsnetwork.com/jelucel-of-prod122148.html,No,No,No
Ingredient,122153,JELUCEL® Crude Fibre,"Dietary Fibres, Prebiotics",249067,JELU - WERK Josef Ehrler GmbH & Co. KG,Germany,Manufacturer: Ingredients / Additives,https://www.ingredientsnetwork.com/jelucel-crude-fibre-prod122153.html,No,No,No
Ingredient,122214,Calcium chloride,Additives incl. Flavourings & Colours,249127,Novasal,Netherlands,Manufacturer: Ingredients / Additives,https://www.ingredientsnetwork.com/calcium-chloride-prod122214.html,No,Yes,No
Ingredient,122230,Calcium Citrate,Additives incl. Flavourings & Colours,249504,"A.H.A. International Co., Ltd.",China,Raw Material Supplier,https://www.ingredientsnetwork.com/calcium-citrate-prod122230.html,No,No,Yes
Ingredient,122242,BHT,Additives incl. Flavourings & Colours,249504,"A.H.A. International Co., Ltd.",China,Raw Material Supplier,https://www.ingredientsnetwork.com/bht-prod122242.html,No,No,Yes
Ingredient,122244,Benzoic Acid,Additives incl. Flavourings & Colours,249504,"A.H.A. International Co., Ltd.",China,Raw Material Supplier,https://www.ingredientsnetwork.com/benzoic-acid-prod122244.html,No,No,Yes
Ingredient,122251,Calcium Propionate,Additives incl. Flavourings & Colours,249504,"A.H.A. International Co., Ltd.",China,Raw Material Supplier,https://www.ingredientsnetwork.com/calcium-propionate-prod122251.html,No,No,Yes
Ingredient,122255,Butyl Paraben,Additives incl. Flavourings & Colours,249504,"A.H.A. International Co., Ltd.",China,Raw Material Supplier,https://www.ingredientsnetwork.com/butyl-paraben-prod122255.html,No,No,Yes
Ingredient,122289,Aspartame,Additives incl. Flavourings & Colours,249504,"A.H.A. International Co., Ltd.",China,Raw Material Supplier,https://www.ingredientsnetwork.com/aspartame-prod122289.html,No,No,Yes
Ingredient,122290,Acesulfame-K,Additives incl. Flavourings & Colours,249504,"A.H.A. International Co., Ltd.",China,Raw Material Supplier,https://www.ingredientsnetwork.com/acesulfame-k-prod122290.html,No,No,Yes
Ingredient,122302,Arabinose,"Carbohydrates, Sugars",249504,"A.H.A. International Co., Ltd.",China,Raw Material Supplier,https://www.ingredientsnetwork.com/arabinose-prod122302.html,No,No,Yes
Ingredient,122311,Agar-agar,"Additives incl. Flavourings & Colours | Dietary Fibres, Prebiotics",249504,"A.H.A. International Co., Ltd.",China,Raw Material Supplier,https://www.ingredientsnetwork.com/agar-agar-prod122311.html,No,No,Yes
Ingredient,122315,Carrageenan,Additives incl. Flavourings & Colours,249504,"A.H.A. International Co., Ltd.",China,Raw Material Supplier,https://www.ingredientsnetwork.com/carrageenan-prod122315.html,No,No,Yes
Ingredient,122324,Alpha Lipoic Acid,Bioactive Compounds - Other,249504,"A.H.A. International Co., Ltd.",China,Raw Material Supplier,https://www.ingredientsnetwork.com/alpha-lipoic-acid-prod122324.html,No,No,Yes
Ingredient,122325,Alpha Ketoglutaric Acid,"Ingredient Mixtures, Synbiotics",249504,"A.H.A. International Co., Ltd.",China,Raw Material Supplier,https://www.ingredientsnetwork.com/alpha-ketoglutaric-acid-prod122325.html,No,No,Yes
Ingredient | Finished Product,122326,Calcium Gluconate,"Additives incl. Flavourings & Colours | Specialised Finished Products | Vitamins, Minerals",249504,"A.H.A. International Co., Ltd.",China,Raw Material Supplier,https://www.ingredientsnetwork.com/calcium-gluconate-prod122326.html,No,No,Yes
Ingredient,122327,Calcium Lactate,Additives incl. Flavourings & Colours,249504,"A.H.A. International Co., Ltd.",China,Raw Material Supplier,https://www.ingredientsnetwork.com/calcium-lactate-prod122327.html,No,No,Yes
Ingredient,122328,Calcium Pyruvate,Additives incl. Flavourings & Colours,249504,"A.H.A. International Co., Ltd.",China,Raw Material Supplier,https://www.ingredientsnetwork.com/calcium-pyruvate-prod122328.html,No,No,Yes
Ingredient | Finished Product,122329,Chitosan,"Ingredient Mixtures, Synbiotics | Specialised Finished Products",249504,"A.H.A. International Co., Ltd.",China,Raw Material Supplier,https://www.ingredientsnetwork.com/chitosan-prod122329.html,No,No,Yes
Ingredient | Finished Product,122330,"Chlorella, Powder","Algae, Botanicals, Carotenoids, Flavonoids | Specialised Finished Products",249504,"A.H.A. International Co., Ltd.",China,Raw Material Supplier,https://www.ingredientsnetwork.com/chlorella-powder-prod122330.html,No,No,Yes
Ingredient,122372,Beta-Alanine,"Proteins, Enzymes, Amino Acids",249504,"A.H.A. International Co., Ltd.",China,Raw Material Supplier,https://www.ingredientsnetwork.com/beta-alanine-prod122372.html,No,No,Yes
Ingredient,122410,Blend Amino Acids,"Proteins, Enzymes, Amino Acids",249504,"A.H.A. International Co., Ltd.",China,Raw Material Supplier,https://www.ingredientsnetwork.com/blend-amino-acids-prod122410.html,No,No,Yes
Ingredient | Finished Product,122432,Ascorbic Acid Powder,Additives incl. Flavourings & Colours | Specialised Finished Products,249504,"A.H.A. International Co., Ltd.",China,Raw Material Supplier,https://www.ingredientsnetwork.com/ascorbic-acid-powder-prod122432.html,No,No,Yes
Ingredient,122433,Ascorbic Acid DC Granular,"Additives incl. Flavourings & Colours | Vitamins, Minerals",249504,"A.H.A. International Co., Ltd.",China,Raw Material Supplier,https://www.ingredientsnetwork.com/ascorbic-acid-dc-granular-prod122433.html,No,No,Yes
Ingredient | Finished Product,122434,Ascorbyl Palmitate,Additives incl. Flavourings & Colours | Specialised Finished Products,249504,"A.H.A. International Co., Ltd.",China,Raw Material Supplier,https://www.ingredientsnetwork.com/ascorbyl-palmitate-prod122434.html,No,No,Yes
Ingredient,122435,Calcium Ascorbate,Additives incl. Flavourings & Colours,249504,"A.H.A. International Co., Ltd.",China,Raw Material Supplier,https://www.ingredientsnetwork.com/calcium-ascorbate-prod122435.html,No,No,Yes
Finished Product,123125,Aloe Vera Juice with Pulp 250 mls.,Finished Food Categories | Specialised Finished Products,248700,Aloe Jaumave Sa De Cv,Mexico,,https://www.ingredientsnetwork.com/aloe-vera-juice-with-pulp-250-mls-prod123125.html,No,Yes,No
Finished Product,123126,Aloe Vera Drinks with Juice and Aloe Vera Pulp 1 Lt.,Finished Food Categories | Specialised Finished Products,248700,Aloe Jaumave Sa De Cv,Mexico,,https://www.ingredientsnetwork.com/aloe-vera-drinks-with-juice-and-aloe-vera-pulp-1-prod123126.html,No,Yes,No
Finished Product,123127,Aloe Vera Gluco Down,Finished Food Categories | Specialised Finished Products,248700,Aloe Jaumave Sa De Cv,Mexico,,https://www.ingredientsnetwork.com/aloe-vera-gluco-down-prod123127.html,No,Yes,No
Ingredient,123128,Aloe Vera Calcium,"Additives incl. Flavourings & Colours | Algae, Botanicals, Carotenoids, Flavonoids",248700,Aloe Jaumave Sa De Cv,Mexico,,https://www.ingredientsnetwork.com/aloe-vera-calcium-prod123128.html,No,Yes,No
Finished Product,123129,Vevaloe,Finished Food Categories,248700,Aloe Jaumave Sa De Cv,Mexico,,https://www.ingredientsnetwork.com/vevaloe-prod123129.html,No,Yes,No
Finished Product,123130,Aloe Vera Calcium,Finished Food Categories | Specialised Finished Products,248700,Aloe Jaumave Sa De Cv,Mexico,,https://www.ingredientsnetwork.com/aloe-vera-calcium-prod123130.html,No,Yes,No
Finished Product,123131,Aloe Floating,Finished Food Categories | Specialised Finished Products,248700,Aloe Jaumave Sa De Cv,Mexico,,https://www.ingredientsnetwork.com/aloe-floating-prod123131.html,No,Yes,No
Finished Product,123132,Aloe Vera Juice Pulp Free,Finished Food Categories | Specialised Finished Products,248700,Aloe Jaumave Sa De Cv,Mexico,,https://www.ingredientsnetwork.com/aloe-vera-juice-pulp-free-prod123132.html,No,Yes,No
Finished Product,123133,Aloe Vera Juice with Pulp,Finished Food Categories | Specialised Finished Products,248700,Aloe Jaumave Sa De Cv,Mexico,,https://www.ingredientsnetwork.com/aloe-vera-juice-with-pulp-prod123133.html,No,Yes,No
Ingredient,123134,Aloe Vera Diced,"Algae, Botanicals, Carotenoids, Flavonoids",248700,Aloe Jaumave Sa De Cv,Mexico,,https://www.ingredientsnetwork.com/aloe-vera-diced-prod123134.html,No,Yes,No
Ingredient,123135,Aloe Vera Liquid Concentrates,"Algae, Botanicals, Carotenoids, Flavonoids",248700,Aloe Jaumave Sa De Cv,Mexico,,https://www.ingredientsnetwork.com/aloe-vera-liquid-concentrates-prod123135.html,No,Yes,No
Ingredient,123136,Aloe Vera Powder,"Algae, Botanicals, Carotenoids, Flavonoids | Bioactive Compounds - Other",248700,Aloe Jaumave Sa De Cv,Mexico,,https://www.ingredientsnetwork.com/aloe-vera-powder-prod123136.html,No,Yes,No
Ingredient,123137,Aloe Vera Leaves,"Algae, Botanicals, Carotenoids, Flavonoids",248700,Aloe Jaumave Sa De Cv,Mexico,,https://www.ingredientsnetwork.com/aloe-vera-leaves-prod123137.html,No,Yes,No
Ingredient,123142,Acid whey powder,"Dairy Ingredients | Proteins, Enzymes, Amino Acids",248698,Almil AG,Germany,,https://www.ingredientsnetwork.com/acid-whey-powder-prod123142.html,No,No,No
Ingredient,123149,Casein,"Proteins, Enzymes, Amino Acids",248698,Almil AG,Germany,,https://www.ingredientsnetwork.com/casein-prod123149.html,No,No,No
Finished Product,123348,After Dinner Cups Dark,Finished Food Categories,248723,Barry Callebaut Belgium NV,Belgium,,https://www.ingredientsnetwork.com/after-dinner-cups-dark-prod123348.html,No,No,No
Ingredient | Finished Product,123464,4-fruits carmelade,"Additives incl. Flavourings & Colours | Finished Food Categories | Fruit, Seeds, Nuts & Peanuts, Vegetables",248723,Barry Callebaut Belgium NV,Belgium,,https://www.ingredientsnetwork.com/4-fruits-carmelade-prod123464.html,No,No,No
Ingredient,123545,After dinner cup,"Dairy Ingredients | Fruit, Seeds, Nuts & Peanuts, Vegetables",248723,Barry Callebaut Belgium NV,Belgium,,https://www.ingredientsnetwork.com/after-dinner-cup-prod123545.html,No,No,No
Ingredient,124112,Seafood Stocks & Fumets,"Additives incl. Flavourings & Colours | Fruit, Seeds, Nuts & Peanuts, Vegetables | Herbs, Spices | Ingredient Mixtures, Synbiotics",248820,Activ International (GIVAUDAN GROUP),France,,https://www.ingredientsnetwork.com/seafood-stocks-fumets-prod124112.html,No,No,No
Ingredient,124114,Flavors and natural seafood products,"Additives incl. Flavourings & Colours | Fruit, Seeds, Nuts & Peanuts, Vegetables | Proteins, Enzymes, Amino Acids",248820,Activ International (GIVAUDAN GROUP),France,,https://www.ingredientsnetwork.com/flavors-and-natural-seafood-products-prod124114.html,No,No,No
Ingredient,124136,Activ MarinExtracts tm,Additives incl. Flavourings & Colours,248820,Activ International (GIVAUDAN GROUP),France,,https://www.ingredientsnetwork.com/activ-marinextracts-tm-prod124136.html,No,No,No
Ingredient,124138,Aicabix P,Additives incl. Flavourings & Colours,248839,Aicacolor S.A.C.,Peru,,https://www.ingredientsnetwork.com/aicabix-p-prod124138.html,No,No,No
Ingredient,124140,Aicabix red,Additives incl. Flavourings & Colours,248839,Aicacolor S.A.C.,Peru,,https://www.ingredientsnetwork.com/aicabix-red-prod124140.html,No,No,No
Ingredient,124141,Aicabix 30,Additives incl. Flavourings & Colours,248839,Aicacolor S.A.C.,Peru,,https://www.ingredientsnetwork.com/aicabix-30-prod124141.html,No,No,No
Ingredient | Finished Product,124229,28% Fat Peanut Flour,"Additives incl. Flavourings & Colours | Dietary Fibres, Prebiotics | Finished Food Categories | Proteins, Enzymes, Amino Acids",248705,American Peanut Council,United Kingdom,Government /Pavilion Organiser /Trade Association,https://www.ingredientsnetwork.com/28-fat-peanut-flour-prod124229.html,No,Yes,No
Ingredient | Finished Product,124230,12% Fat Peanut Flour,"Additives incl. Flavourings & Colours | Finished Food Categories | Proteins, Enzymes, Amino Acids",248705,American Peanut Council,United Kingdom,Government /Pavilion Organiser /Trade Association,https://www.ingredientsnetwork.com/12-fat-peanut-flour-prod124230.html,No,Yes,No
Ingredient | Finished Product,124231,Organic Peanut Flour,Additives incl. Flavourings & Colours | Finished Food Categories | Specialised Finished Products,248705,American Peanut Council,United Kingdom,Government /Pavilion Organiser /Trade Association,https://www.ingredientsnetwork.com/organic-peanut-flour-prod124231.html,No,Yes,No
Ingredient | Finished Product,124232,Peanut oil,Additives incl. Flavourings & Colours | Finished Food Categories,248705,American Peanut Council,United Kingdom,Government /Pavilion Organiser /Trade Association,https://www.ingredientsnetwork.com/peanut-oil-prod124232.html,No,Yes,No
Ingredient | Finished Product,124234,Crude Peanut Oil,"Additives incl. Flavourings & Colours | Finished Food Categories | Ingredient Mixtures, Synbiotics",248705,American Peanut Council,United Kingdom,Government /Pavilion Organiser /Trade Association,https://www.ingredientsnetwork.com/crude-peanut-oil-prod124234.html,No,Yes,No
Finished Product,124237,Processed Snack Peanuts,Finished Food Categories,248705,American Peanut Council,United Kingdom,Government /Pavilion Organiser /Trade Association,https://www.ingredientsnetwork.com/processed-snack-peanuts-prod124237.html,No,Yes,No
Ingredient | Finished Product,124243,Peanut Butters & Pastes,Additives incl. Flavourings & Colours | Finished Food Categories | Specialised Finished Products,248705,American Peanut Council,United Kingdom,Government /Pavilion Organiser /Trade Association,https://www.ingredientsnetwork.com/peanut-butters-pastes-prod124243.html,No,Yes,No
Ingredient,124749,PHOS4PETS 401 (Sodium Phosphates),"Vitamins, Minerals",248746,Budenheim,Germany,,https://www.ingredientsnetwork.com/phos4pets-401-sodium-phosphates-prod124749.html,No,No,No
Ingredient | Finished Product,124848,CARNAL 2110 (Compounds),"Finished Food Categories | Vitamins, Minerals",248746,Budenheim,Germany,,https://www.ingredientsnetwork.com/carnal-2110-compounds-prod124848.html,No,No,No
Ingredient,124853,CARNAL 961 (Compounds),"Additives incl. Flavourings & Colours | Vitamins, Minerals",248746,Budenheim,Germany,,https://www.ingredientsnetwork.com/carnal-961-compounds-prod124853.html,No,No,No
Ingredient,124854,CARNAL 998 (Compounds),"Ingredient Mixtures, Synbiotics | Vitamins, Minerals",248746,Budenheim,Germany,,https://www.ingredientsnetwork.com/carnal-998-compounds-prod124854.html,No,No,No
Ingredient,124867,ALTESA ABC (Compounds),Additives incl. Flavourings & Colours,248746,Budenheim,Germany,,https://www.ingredientsnetwork.com/altesa-abc-compounds-prod124867.html,No,No,No
Ingredient,124870,MERLUZIMA (Compounds),Additives incl. Flavourings & Colours,248746,Budenheim,Germany,,https://www.ingredientsnetwork.com/merluzima-compounds-prod124870.html,No,No,No
Finished Product,124871,NOMELAN (Compounds),Finished Food Categories,248746,Budenheim,Germany,,https://www.ingredientsnetwork.com/nomelan-compounds-prod124871.html,No,No,No
Ingredient | Finished Product,125251,Apple cube 10x10 - Morgenduft,Additives incl. Flavourings & Colours | Finished Food Categories,248773,Crop's NV,Belgium,Raw Material Supplier,https://www.ingredientsnetwork.com/apple-cube-10x10-morgenduft-prod125251.html,No,No,No
Ingredient | Finished Product,125253,Apple segment 1/10’ cal. 70/80 mm - Cripp’s pink,Additives incl. Flavourings & Colours | Finished Food Categories,248773,Crop's NV,Belgium,Raw Material Supplier,https://www.ingredientsnetwork.com/apple-segment-1-10-cal-70-80-mm-cripp-s-pink-prod125253.html,No,No,No
Finished Product,125815,4 Vegetables mix,Finished Food Categories,248773,Crop's NV,Belgium,Raw Material Supplier,https://www.ingredientsnetwork.com/4-vegetables-mix-prod125815.html,No,No,No
Ingredient,125924,Ginger Oil,"Algae, Botanicals, Carotenoids, Flavonoids | Herbs, Spices",249300,Universal Oleoresins,India,Manufacturer: Ingredients / Additives,https://www.ingredientsnetwork.com/ginger-oil-prod125924.html,Yes,Yes,No
Ingredient,125960,Creations™,"Additives incl. Flavourings & Colours | Ingredient Mixtures, Synbiotics",249283,Taura Natural Ingredients,Belgium,Manufacturer: Ingredients / Additives,https://www.ingredientsnetwork.com/creations-prod125960.html,No,No,No
Ingredient,125965,Potato Starch,"Carbohydrates, Sugars | Fruit, Seeds, Nuts & Peanuts, Vegetables",248898,Meelunie B.V.,Netherlands,Import / Export Services,https://www.ingredientsnetwork.com/potato-starch-prod125965.html,No,No,No
Ingredient,125966,Wheat Starch,"Carbohydrates, Sugars",248898,Meelunie B.V.,Netherlands,Import / Export Services,https://www.ingredientsnetwork.com/wheat-starch-prod125966.html,No,No,No
Ingredient,125967,Tapioca Starch,"Carbohydrates, Sugars",248898,Meelunie B.V.,Netherlands,Import / Export Services,https://www.ingredientsnetwork.com/tapioca-starch-prod125967.html,No,No,No
Ingredient,125968,Corn Starch,"Carbohydrates, Sugars",248898,Meelunie B.V.,Netherlands,Import / Export Services,https://www.ingredientsnetwork.com/corn-starch-prod125968.html,No,No,No
Ingredient,125969,Pea Starch,"Carbohydrates, Sugars | Cereals & Grains, Pulses",248898,Meelunie B.V.,Netherlands,Import / Export Services,https://www.ingredientsnetwork.com/pea-starch-prod125969.html,No,No,No
Ingredient,125970,Glucose Syrup - Standard 43°,Additives incl. Flavourings & Colours | Syrups & Others,248898,Meelunie B.V.,Netherlands,Import / Export Services,https://www.ingredientsnetwork.com/glucose-syrup-standard-43-prod125970.html,No,No,No
Ingredient,125971,Glucose Syrup - Standard 45°,"Carbohydrates, Sugars | Syrups & Others",248898,Meelunie B.V.,Netherlands,Import / Export Services,https://www.ingredientsnetwork.com/glucose-syrup-standard-45-prod125971.html,No,No,No
Ingredient,126760,Anethol,Additives incl. Flavourings & Colours,248968,F D Copeland & Sons Ltd.,United Kingdom,,https://www.ingredientsnetwork.com/anethol-prod126760.html,No,No,No
Ingredient,126762,Almond oil sweet,Additives incl. Flavourings & Colours | Fats & Oils,248968,F D Copeland & Sons Ltd.,United Kingdom,,https://www.ingredientsnetwork.com/almond-oil-sweet-prod126762.html,No,No,No
Ingredient,126763,Amyris oil (W.I.sandalwood),"Additives incl. Flavourings & Colours | Algae, Botanicals, Carotenoids, Flavonoids",248968,F D Copeland & Sons Ltd.,United Kingdom,,https://www.ingredientsnetwork.com/amyris-oil-w-i-sandalwood-prod126763.html,No,No,No
Ingredient,126892,OLEORESINS,"Additives incl. Flavourings & Colours | Algae, Botanicals, Carotenoids, Flavonoids | Herbs, Spices",249084,Mane Kancor,India,Manufacturer: Ingredients / Additives,https://www.ingredientsnetwork.com/oleoresins-prod126892.html,Yes,Yes,No
Ingredient,126987,Lactonat EC,"Proteins, Enzymes, Amino Acids",249662,Lactoprot,Germany,Manufacturer: Ingredients / Additives,https://www.ingredientsnetwork.com/lactonat-ec-prod126987.html,No,Yes,No
Ingredient,126988,Lactonat EP,"Proteins, Enzymes, Amino Acids",249662,Lactoprot,Germany,Manufacturer: Ingredients / Additives,https://www.ingredientsnetwork.com/lactonat-ep-prod126988.html,No,Yes,No
Ingredient,126992,Lactonat RC/ Lactonat RC-U,"Proteins, Enzymes, Amino Acids | Vitamins, Minerals",249662,Lactoprot,Germany,Manufacturer: Ingredients / Additives,https://www.ingredientsnetwork.com/lactonat-rc-lactonat-rc-u-prod126992.html,No,Yes,No
Ingredient,126993,Lactonat RC-E,"Additives incl. Flavourings & Colours | Proteins, Enzymes, Amino Acids",249662,Lactoprot,Germany,Manufacturer: Ingredients / Additives,https://www.ingredientsnetwork.com/lactonat-rc-e-prod126993.html,No,Yes,No
Ingredient,126997,Lactomin® 60 – 80 (WPC 60 – 80%),"Dairy Ingredients | Proteins, Enzymes, Amino Acids | Vitamins, Minerals",249662,Lactoprot,Germany,Manufacturer: Ingredients / Additives,https://www.ingredientsnetwork.com/lactomin-60-80-wpc-60-80-prod126997.html,No,Yes,No
Ingredient,126998,Lactomin® 60-E – 80-E (instantised WPC 60 – 80%),"Additives incl. Flavourings & Colours | Proteins, Enzymes, Amino Acids",249662,Lactoprot,Germany,Manufacturer: Ingredients / Additives,https://www.ingredientsnetwork.com/lactomin-60-e-80-e-instantised-wpc-60-80-prod126998.html,No,Yes,No
Ingredient,126999,Lactomin® 80-A (WPC 80% instant),"Additives incl. Flavourings & Colours | Proteins, Enzymes, Amino Acids",249662,Lactoprot,Germany,Manufacturer: Ingredients / Additives,https://www.ingredientsnetwork.com/lactomin-80-a-wpc-80-instant-prod126999.html,No,Yes,No
Ingredient,127001,Lactomin® 80 LF,"Proteins, Enzymes, Amino Acids",249662,Lactoprot,Germany,Manufacturer: Ingredients / Additives,https://www.ingredientsnetwork.com/lactomin-80-lf-prod127001.html,No,Yes,No
Ingredient,127002,Lactomin® 80-S HG,"Proteins, Enzymes, Amino Acids",249662,Lactoprot,Germany,Manufacturer: Ingredients / Additives,https://www.ingredientsnetwork.com/lactomin-80-s-hg-prod127002.html,No,Yes,No
Ingredient,127006,Schokolac® 26 - roller-dried full cream milk powder,"Dairy Ingredients | Fats & Oils | Fruit, Seeds, Nuts & Peanuts, Vegetables",249662,Lactoprot,Germany,Manufacturer: Ingredients / Additives,https://www.ingredientsnetwork.com/schokolac-26-roller-dried-full-cream-milk-powder-prod127006.html,No,Yes,No
Ingredient | Finished Product,127012,Schokolac® Crumbs C (Milk Crumbs),Additives incl. Flavourings & Colours | Finished Food Categories,249662,Lactoprot,Germany,Manufacturer: Ingredients / Additives,https://www.ingredientsnetwork.com/schokolac-crumbs-c-milk-crumbs-prod127012.html,No,Yes,No
Ingredient,127013,Lactoglace® - ice cream solutions,"Additives incl. Flavourings & Colours | Dairy Ingredients | Ingredient Mixtures, Synbiotics | Proteins, Enzymes, Amino Acids",249662,Lactoprot,Germany,Manufacturer: Ingredients / Additives,https://www.ingredientsnetwork.com/lactoglace-ice-cream-solutions-prod127013.html,No,Yes,No
Ingredient,127078,CLEAR+STABLE™,Additives incl. Flavourings & Colours,248709,Dow Europe GmbH,Switzerland,,https://www.ingredientsnetwork.com/clear-stable-prod127078.html,No,No,No
Ingredient,127080,FORTEFIBER™,"Additives incl. Flavourings & Colours | Dietary Fibres, Prebiotics",248709,Dow Europe GmbH,Switzerland,,https://www.ingredientsnetwork.com/fortefiber-prod127080.html,No,No,No
Ingredient,127081,Cocoa mass (cocoa liquor),"Additives incl. Flavourings & Colours | Fruit, Seeds, Nuts & Peanuts, Vegetables",248894,ECOM COCOA,Netherlands,,https://www.ingredientsnetwork.com/cocoa-mass-cocoa-liquor-prod127081.html,No,Yes,No
Ingredient,127082,Cocoa powder,"Additives incl. Flavourings & Colours | Fruit, Seeds, Nuts & Peanuts, Vegetables",248894,ECOM COCOA,Netherlands,,https://www.ingredientsnetwork.com/cocoa-powder-prod127082.html,No,Yes,No
Ingredient,127083,Cocoa butter,Fats & Oils,248894,ECOM COCOA,Netherlands,,https://www.ingredientsnetwork.com/cocoa-butter-prod127083.html,No,Yes,No
Ingredient,127086,Flavours fo Beverages,Additives incl. Flavourings & Colours,248966,Expressions Aromatiques SAS,France,Manufacturer: Ingredients / Additives,https://www.ingredientsnetwork.com/flavours-fo-beverages-prod127086.html,No,No,No
Ingredient,127087,Flavours for Dairy Products,Additives incl. Flavourings & Colours,248966,Expressions Aromatiques SAS,France,Manufacturer: Ingredients / Additives,https://www.ingredientsnetwork.com/flavours-for-dairy-products-prod127087.html,No,No,No
Ingredient,127145,Verol G (40% monoglyceride sunflower origin),Additives incl. Flavourings & Colours,248793,Lasenor,Spain,Manufacturer: Ingredients / Additives,https://www.ingredientsnetwork.com/verol-g-40-monoglyceride-sunflower-origin-prod127145.html,No,No,No
Ingredient,127185,Ajowan Seed Oil,Fats & Oils,249300,Universal Oleoresins,India,Manufacturer: Ingredients / Additives,https://www.ingredientsnetwork.com/ajowan-seed-oil-prod127185.html,Yes,Yes,No
Ingredient,127186,Anise Seed Oil,Additives incl. Flavourings & Colours | Fats & Oils,249300,Universal Oleoresins,India,Manufacturer: Ingredients / Additives,https://www.ingredientsnetwork.com/anise-seed-oil-prod127186.html,Yes,Yes,No
Ingredient,127189,Black Pepper Oil,"Additives incl. Flavourings & Colours | Algae, Botanicals, Carotenoids, Flavonoids",249300,Universal Oleoresins,India,Manufacturer: Ingredients / Additives,https://www.ingredientsnetwork.com/black-pepper-oil-prod127189.html,Yes,Yes,No
Ingredient,127217,Ginger Oleoresin,"Additives incl. Flavourings & Colours | Algae, Botanicals, Carotenoids, Flavonoids | Herbs, Spices",249300,Universal Oleoresins,India,Manufacturer: Ingredients / Additives,https://www.ingredientsnetwork.com/ginger-oleoresin-prod127217.html,Yes,Yes,No
Ingredient,127221,Nutmeg Oleoresin,"Additives incl. Flavourings & Colours | Herbs, Spices",249300,Universal Oleoresins,India,Manufacturer: Ingredients / Additives,https://www.ingredientsnetwork.com/nutmeg-oleoresin-prod127221.html,Yes,Yes,No
Ingredient,127224,Paprika Oleoresin,Additives incl. Flavourings & Colours,249300,Universal Oleoresins,India,Manufacturer: Ingredients / Additives,https://www.ingredientsnetwork.com/paprika-oleoresin-prod127224.html,Yes,Yes,No
Ingredient,127304,Coriander Leaf,"Herbs, Spices",248702,BOS Natural Flavors (P) LTD,India,Manufacturer: Ingredients / Additives,https://www.ingredientsnetwork.com/coriander-leaf-prod127304.html,Yes,Yes,No
Ingredient,127305,Coriander Oil,"Additives incl. Flavourings & Colours | Algae, Botanicals, Carotenoids, Flavonoids",248702,BOS Natural Flavors (P) LTD,India,Manufacturer: Ingredients / Additives,https://www.ingredientsnetwork.com/coriander-oil-prod127305.html,Yes,Yes,No
Ingredient,127306,Cormint Oil,"Additives incl. Flavourings & Colours | Algae, Botanicals, Carotenoids, Flavonoids | Fats & Oils",248702,BOS Natural Flavors (P) LTD,India,Manufacturer: Ingredients / Additives,https://www.ingredientsnetwork.com/cormint-oil-prod127306.html,Yes,Yes,No
Ingredient,127307,Cumin,"Herbs, Spices",248702,BOS Natural Flavors (P) LTD,India,Manufacturer: Ingredients / Additives,https://www.ingredientsnetwork.com/cumin-prod127307.html,Yes,Yes,No
Ingredient,127308,Cuminseed Oil,Additives incl. Flavourings & Colours | Fats & Oils,248702,BOS Natural Flavors (P) LTD,India,Manufacturer: Ingredients / Additives,https://www.ingredientsnetwork.com/cuminseed-oil-prod127308.html,Yes,Yes,No
Ingredient,127309,Curry Leaf,"Algae, Botanicals, Carotenoids, Flavonoids | Herbs, Spices",248702,BOS Natural Flavors (P) LTD,India,Manufacturer: Ingredients / Additives,https://www.ingredientsnetwork.com/curry-leaf-prod127309.html,Yes,Yes,No
Ingredient,127310,Curry Leaf Oil,Additives incl. Flavourings & Colours | Fats & Oils,248702,BOS Natural Flavors (P) LTD,India,Manufacturer: Ingredients / Additives,https://www.ingredientsnetwork.com/curry-leaf-oil-prod127310.html,Yes,Yes,No
Ingredient,127311,Cypress Oil,Additives incl. Flavourings & Colours | Fats & Oils,248702,BOS Natural Flavors (P) LTD,India,Manufacturer: Ingredients / Additives,https://www.ingredientsnetwork.com/cypress-oil-prod127311.html,Yes,Yes,No
Ingredient,127312,Cypriol Oil,"Additives incl. Flavourings & Colours | Algae, Botanicals, Carotenoids, Flavonoids",248702,BOS Natural Flavors (P) LTD,India,Manufacturer: Ingredients / Additives,https://www.ingredientsnetwork.com/cypriol-oil-prod127312.html,Yes,Yes,No
Ingredient,127313,Davana Oil,"Additives incl. Flavourings & Colours | Algae, Botanicals, Carotenoids, Flavonoids",248702,BOS Natural Flavors (P) LTD,India,Manufacturer: Ingredients / Additives,https://www.ingredientsnetwork.com/davana-oil-prod127313.html,Yes,Yes,No
Ingredient,127314,Dill Seed Oil,Additives incl. Flavourings & Colours | Fats & Oils,248702,BOS Natural Flavors (P) LTD,India,Manufacturer: Ingredients / Additives,https://www.ingredientsnetwork.com/dill-seed-oil-prod127314.html,Yes,Yes,No
Ingredient,127315,D-Limonene,"Additives incl. Flavourings & Colours | Algae, Botanicals, Carotenoids, Flavonoids",248702,BOS Natural Flavors (P) LTD,India,Manufacturer: Ingredients / Additives,https://www.ingredientsnetwork.com/d-limonene-prod127315.html,Yes,Yes,No
Ingredient,127316,Eucalyptus Citridora Oil,Additives incl. Flavourings & Colours | Fats & Oils,248702,BOS Natural Flavors (P) LTD,India,Manufacturer: Ingredients / Additives,https://www.ingredientsnetwork.com/eucalyptus-citridora-oil-prod127316.html,Yes,Yes,No
Ingredient,127317,Eucalyptus Oil,"Additives incl. Flavourings & Colours | Algae, Botanicals, Carotenoids, Flavonoids",248702,BOS Natural Flavors (P) LTD,India,Manufacturer: Ingredients / Additives,https://www.ingredientsnetwork.com/eucalyptus-oil-prod127317.html,Yes,Yes,No
Ingredient,127318,Feenal Seed Oil,Fats & Oils,248702,BOS Natural Flavors (P) LTD,India,Manufacturer: Ingredients / Additives,https://www.ingredientsnetwork.com/feenal-seed-oil-prod127318.html,Yes,Yes,No
Ingredient,127319,Fennal,"Additives incl. Flavourings & Colours | Fruit, Seeds, Nuts & Peanuts, Vegetables",248702,BOS Natural Flavors (P) LTD,India,Manufacturer: Ingredients / Additives,https://www.ingredientsnetwork.com/fennal-prod127319.html,Yes,Yes,No
Ingredient,127320,Fenugreek,"Algae, Botanicals, Carotenoids, Flavonoids",248702,BOS Natural Flavors (P) LTD,India,Manufacturer: Ingredients / Additives,https://www.ingredientsnetwork.com/fenugreek-prod127320.html,Yes,Yes,No
Ingredient,127321,Frangipani,"Additives incl. Flavourings & Colours | Algae, Botanicals, Carotenoids, Flavonoids",248702,BOS Natural Flavors (P) LTD,India,Manufacturer: Ingredients / Additives,https://www.ingredientsnetwork.com/frangipani-prod127321.html,Yes,Yes,No
Ingredient,127322,Frankinscense Oil,"Additives incl. Flavourings & Colours | Algae, Botanicals, Carotenoids, Flavonoids",248702,BOS Natural Flavors (P) LTD,India,Manufacturer: Ingredients / Additives,https://www.ingredientsnetwork.com/frankinscense-oil-prod127322.html,Yes,Yes,No
Ingredient,127324,Garlic,"Algae, Botanicals, Carotenoids, Flavonoids",248702,BOS Natural Flavors (P) LTD,India,Manufacturer: Ingredients / Additives,https://www.ingredientsnetwork.com/garlic-prod127324.html,Yes,Yes,No
Ingredient,127325,Garlic Oil,"Algae, Botanicals, Carotenoids, Flavonoids | Fats & Oils",248702,BOS Natural Flavors (P) LTD,India,Manufacturer: Ingredients / Additives,https://www.ingredientsnetwork.com/garlic-oil-prod127325.html,Yes,Yes,No
Ingredient,127326,Geranium Oil,"Additives incl. Flavourings & Colours | Algae, Botanicals, Carotenoids, Flavonoids | Fats & Oils",248702,BOS Natural Flavors (P) LTD,India,Manufacturer: Ingredients / Additives,https://www.ingredientsnetwork.com/geranium-oil-prod127326.html,Yes,Yes,No
Ingredient,127327,Ginger,"Algae, Botanicals, Carotenoids, Flavonoids | Herbs, Spices",248702,BOS Natural Flavors (P) LTD,India,Manufacturer: Ingredients / Additives,https://www.ingredientsnetwork.com/ginger-prod127327.html,Yes,Yes,No
Ingredient,127507,Lactosan NCB - Natural Culinary Booster®,Additives incl. Flavourings & Colours | Dairy Ingredients,249086,Lactosan A/S,Denmark,Manufacturer: Ingredients / Additives,https://www.ingredientsnetwork.com/lactosan-ncb-natural-culinary-booster-prod127507.html,No,No,No
Ingredient,127508,Cheese Powder Blends,Additives incl. Flavourings & Colours | Dairy Ingredients | Fats & Oils,249086,Lactosan A/S,Denmark,Manufacturer: Ingredients / Additives,https://www.ingredientsnetwork.com/cheese-powder-blends-prod127508.html,No,No,No
Ingredient,127585,"CORN FLOUR, CORN SEMOLINA, CORN GRITS, HOMINY GRITS","Cereals & Grains, Pulses",249116,Molino Peila,Italy,Raw Material Supplier,https://www.ingredientsnetwork.com/corn-flour-corn-semolina-corn-grits-hominy-grits-prod127585.html,No,Yes,No
Ingredient,127593,"RICE, SELECTED BROKEN RICE, RICE FLOUR , RICE SEMOLINA, RICE GRITS","Carbohydrates, Sugars | Cereals & Grains, Pulses",249116,Molino Peila,Italy,Raw Material Supplier,https://www.ingredientsnetwork.com/rice-selected-broken-rice-rice-flour-rice-prod127593.html,No,Yes,No
Ingredient,127778,Customised vitamin and mineral mixtures,"Ingredient Mixtures, Synbiotics | Vitamins, Minerals",249152,Nutrilo GmbH,Germany,Distributor,https://www.ingredientsnetwork.com/customised-vitamin-and-mineral-mixtures-prod127778.html,No,Yes,Yes
Ingredient,127789,Cholecalciferol (vitamin D3) 100 000 IU/g,"Vitamins, Minerals",249152,Nutrilo GmbH,Germany,Distributor,https://www.ingredientsnetwork.com/cholecalciferol-vitamin-d3-100-000-iu-g-prod127789.html,No,Yes,Yes
Ingredient,127800,Aluminium sulphate,Additives incl. Flavourings & Colours,249152,Nutrilo GmbH,Germany,Distributor,https://www.ingredientsnetwork.com/aluminium-sulphate-prod127800.html,No,Yes,Yes
Ingredient,127801,Calcium oxide tech.,Additives incl. Flavourings & Colours,249152,Nutrilo GmbH,Germany,Distributor,https://www.ingredientsnetwork.com/calcium-oxide-tech-prod127801.html,No,Yes,Yes
Ingredient,127806,Citric acid anhydrous,Additives incl. Flavourings & Colours,249152,Nutrilo GmbH,Germany,Distributor,https://www.ingredientsnetwork.com/citric-acid-anhydrous-prod127806.html,No,Yes,Yes
Ingredient,127807,Citric acid monohydrate,Additives incl. Flavourings & Colours,249152,Nutrilo GmbH,Germany,Distributor,https://www.ingredientsnetwork.com/citric-acid-monohydrate-prod127807.html,No,Yes,Yes
Ingredient,127808,Acesulfame K,Additives incl. Flavourings & Colours,249152,Nutrilo GmbH,Germany,Distributor,https://www.ingredientsnetwork.com/acesulfame-k-prod127808.html,No,Yes,Yes
Ingredient,127811,Aspartame,Additives incl. Flavourings & Colours,249152,Nutrilo GmbH,Germany,Distributor,https://www.ingredientsnetwork.com/aspartame-prod127811.html,No,Yes,Yes
Ingredient,127813,Beta-carotene 1 %,"Algae, Botanicals, Carotenoids, Flavonoids",249152,Nutrilo GmbH,Germany,Distributor,https://www.ingredientsnetwork.com/beta-carotene-1-prod127813.html,No,Yes,Yes
Ingredient,127814,Beta-carotene 10 %,"Additives incl. Flavourings & Colours | Algae, Botanicals, Carotenoids, Flavonoids",249152,Nutrilo GmbH,Germany,Distributor,https://www.ingredientsnetwork.com/beta-carotene-10-prod127814.html,No,Yes,Yes
Ingredient,127815,"Beta-carotene 30 %, oily","Algae, Botanicals, Carotenoids, Flavonoids | Fats & Oils",249152,Nutrilo GmbH,Germany,Distributor,https://www.ingredientsnetwork.com/beta-carotene-30-oily-prod127815.html,No,Yes,Yes
Ingredient,127817,Calcium carbonate,Additives incl. Flavourings & Colours,249152,Nutrilo GmbH,Germany,Distributor,https://www.ingredientsnetwork.com/calcium-carbonate-prod127817.html,No,Yes,Yes
Ingredient,127818,"Calcium carbonate, granular",Additives incl. Flavourings & Colours,249152,Nutrilo GmbH,Germany,Distributor,https://www.ingredientsnetwork.com/calcium-carbonate-granular-prod127818.html,No,Yes,Yes
Ingredient,127819,"Calcium carbonate, heavy",Additives incl. Flavourings & Colours,249152,Nutrilo GmbH,Germany,Distributor,https://www.ingredientsnetwork.com/calcium-carbonate-heavy-prod127819.html,No,Yes,Yes
Ingredient,127821,Calcium glycerophosphate,"Vitamins, Minerals",249152,Nutrilo GmbH,Germany,Distributor,https://www.ingredientsnetwork.com/calcium-glycerophosphate-prod127821.html,No,Yes,Yes
Ingredient,127823,Calcium-L-ascorbate,Additives incl. Flavourings & Colours,249152,Nutrilo GmbH,Germany,Distributor,https://www.ingredientsnetwork.com/calcium-l-ascorbate-prod127823.html,No,Yes,Yes
Ingredient,127826,Coenzyme Q10,Bioactive Compounds - Other,249152,Nutrilo GmbH,Germany,Distributor,https://www.ingredientsnetwork.com/coenzyme-q10-prod127826.html,No,Yes,Yes
Ingredient | Finished Product,127827,"Caffeine, anhydrous","Algae, Botanicals, Carotenoids, Flavonoids | Specialised Finished Products",249152,Nutrilo GmbH,Germany,Distributor,https://www.ingredientsnetwork.com/caffeine-anhydrous-prod127827.html,No,Yes,Yes
Ingredient,127850,Cupric gluconate,"Vitamins, Minerals",249152,Nutrilo GmbH,Germany,Distributor,https://www.ingredientsnetwork.com/cupric-gluconate-prod127850.html,No,Yes,Yes
Ingredient,127851,Cupric sulphate,"Vitamins, Minerals",249152,Nutrilo GmbH,Germany,Distributor,https://www.ingredientsnetwork.com/cupric-sulphate-prod127851.html,No,Yes,Yes
Ingredient,127858,Corn starch,"Carbohydrates, Sugars",249152,Nutrilo GmbH,Germany,Distributor,https://www.ingredientsnetwork.com/corn-starch-prod127858.html,No,Yes,Yes
Ingredient,128007,Crystalline Fructose,"Additives incl. Flavourings & Colours | Carbohydrates, Sugars",248898,Meelunie B.V.,Netherlands,Import / Export Services,https://www.ingredientsnetwork.com/crystalline-fructose-prod128007.html,No,No,No
Ingredient,128008,Sorbitol Liquid,Additives incl. Flavourings & Colours,248898,Meelunie B.V.,Netherlands,Import / Export Services,https://www.ingredientsnetwork.com/sorbitol-liquid-prod128008.html,No,No,No
Ingredient,128009,Sorbitol Powder,Additives incl. Flavourings & Colours,248898,Meelunie B.V.,Netherlands,Import / Export Services,https://www.ingredientsnetwork.com/sorbitol-powder-prod128009.html,No,No,No
Ingredient,128011,Dextrose Monohydrate,"Additives incl. Flavourings & Colours | Carbohydrates, Sugars",248898,Meelunie B.V.,Netherlands,Import / Export Services,https://www.ingredientsnetwork.com/dextrose-monohydrate-prod128011.html,No,No,No
Ingredient,128012,Maltodextrin,"Carbohydrates, Sugars",248898,Meelunie B.V.,Netherlands,Import / Export Services,https://www.ingredientsnetwork.com/maltodextrin-prod128012.html,No,No,No
Ingredient,128014,Vital Wheat Gluten,"Proteins, Enzymes, Amino Acids",248898,Meelunie B.V.,Netherlands,Import / Export Services,https://www.ingredientsnetwork.com/vital-wheat-gluten-prod128014.html,No,No,No
Ingredient,128015,Potato Protein,"Proteins, Enzymes, Amino Acids",248898,Meelunie B.V.,Netherlands,Import / Export Services,https://www.ingredientsnetwork.com/potato-protein-prod128015.html,No,No,No
Ingredient | Finished Product,128019,Corn Gluten Meal,"Finished Food Categories | Specialised Finished Products | Vitamins, Minerals",248898,Meelunie B.V.,Netherlands,Import / Export Services,https://www.ingredientsnetwork.com/corn-gluten-meal-prod128019.html,No,No,No
Ingredient,128020,Pea Protein - WP 501,"Proteins, Enzymes, Amino Acids",248898,Meelunie B.V.,Netherlands,Import / Export Services,https://www.ingredientsnetwork.com/pea-protein-wp-501-prod128020.html,No,No,No
Ingredient,128021,Pea Protein - WP 731,"Proteins, Enzymes, Amino Acids",248898,Meelunie B.V.,Netherlands,Import / Export Services,https://www.ingredientsnetwork.com/pea-protein-wp-731-prod128021.html,No,No,No
Ingredient,128022,Pea Protein - WP 801,"Proteins, Enzymes, Amino Acids",248898,Meelunie B.V.,Netherlands,Import / Export Services,https://www.ingredientsnetwork.com/pea-protein-wp-801-prod128022.html,No,No,No
Ingredient,128023,Hydrolyzed Wheat Protein,"Proteins, Enzymes, Amino Acids",248898,Meelunie B.V.,Netherlands,Import / Export Services,https://www.ingredientsnetwork.com/hydrolyzed-wheat-protein-prod128023.html,No,No,No
Ingredient | Finished Product,128027,Pea Fibre,"Dietary Fibres, Prebiotics | Finished Food Categories | Ingredient Mixtures, Synbiotics | Proteins, Enzymes, Amino Acids",248898,Meelunie B.V.,Netherlands,Import / Export Services,https://www.ingredientsnetwork.com/pea-fibre-prod128027.html,No,No,No
Ingredient | Finished Product,128065,"Almond marzipan 1:1,5","Finished Food Categories | Fruit, Seeds, Nuts & Peanuts, Vegetables",248785,Steensma B.V.,Netherlands,,https://www.ingredientsnetwork.com/almond-marzipan-1-1-5-prod128065.html,No,No,No
Ingredient | Finished Product,128066,Almond marzipan 1:2,"Finished Food Categories | Fruit, Seeds, Nuts & Peanuts, Vegetables",248785,Steensma B.V.,Netherlands,,https://www.ingredientsnetwork.com/almond-marzipan-1-2-prod128066.html,No,No,No
Ingredient | Finished Product,128067,Almond Marzipan 1:3,"Finished Food Categories | Fruit, Seeds, Nuts & Peanuts, Vegetables",248785,Steensma B.V.,Netherlands,,https://www.ingredientsnetwork.com/almond-marzipan-1-3-prod128067.html,No,No,No
Ingredient,128586,Soya Defatted Hi-Pro Flakes / Grits,"Cereals & Grains, Pulses | Proteins, Enzymes, Amino Acids",249259,Sonic,India,Manufacturer: Ingredients / Additives,https://www.ingredientsnetwork.com/soya-defatted-hi-pro-flakes-grits-prod128586.html,No,Yes,Yes
Ingredient,128587,Soya Protein Isolate PF,"Proteins, Enzymes, Amino Acids",249259,Sonic,India,Manufacturer: Ingredients / Additives,https://www.ingredientsnetwork.com/soya-protein-isolate-pf-prod128587.html,No,Yes,Yes
Ingredient,128588,Soya Defatted Flakes / Grits (MPDI),"Cereals & Grains, Pulses | Proteins, Enzymes, Amino Acids",249259,Sonic,India,Manufacturer: Ingredients / Additives,https://www.ingredientsnetwork.com/soya-defatted-flakes-grits-mpdi-prod128588.html,No,Yes,Yes
Ingredient,128589,Soya Defatted Flakes / Grits (UNT),"Cereals & Grains, Pulses | Proteins, Enzymes, Amino Acids",249259,Sonic,India,Manufacturer: Ingredients / Additives,https://www.ingredientsnetwork.com/soya-defatted-flakes-grits-unt-prod128589.html,No,Yes,Yes
Ingredient,128590,Soya Defatted Flour (Toasted),"Cereals & Grains, Pulses | Proteins, Enzymes, Amino Acids",249259,Sonic,India,Manufacturer: Ingredients / Additives,https://www.ingredientsnetwork.com/soya-defatted-flour-toasted-prod128590.html,No,Yes,Yes
Ingredient,128591,Soya Defatted Flour (Untoasted),"Cereals & Grains, Pulses | Proteins, Enzymes, Amino Acids",249259,Sonic,India,Manufacturer: Ingredients / Additives,https://www.ingredientsnetwork.com/soya-defatted-flour-untoasted-prod128591.html,No,Yes,Yes
Ingredient,128592,Soya Defatted HI-Pro Flour (Toasted) Food,"Cereals & Grains, Pulses | Proteins, Enzymes, Amino Acids",249259,Sonic,India,Manufacturer: Ingredients / Additives,https://www.ingredientsnetwork.com/soya-defatted-hi-pro-flour-toasted-food-prod128592.html,No,Yes,Yes
Ingredient,128594,Soya Full Fat Flour (Enzyme Active),"Proteins, Enzymes, Amino Acids",249259,Sonic,India,Manufacturer: Ingredients / Additives,https://www.ingredientsnetwork.com/soya-full-fat-flour-enzyme-active-prod128594.html,No,Yes,Yes
Ingredient,128595,Soya Full Fat Grits (Enzyme Active),"Cereals & Grains, Pulses | Proteins, Enzymes, Amino Acids",249259,Sonic,India,Manufacturer: Ingredients / Additives,https://www.ingredientsnetwork.com/soya-full-fat-grits-enzyme-active-prod128595.html,No,Yes,Yes
Ingredient,128598,Lecithin,Additives incl. Flavourings & Colours,249259,Sonic,India,Manufacturer: Ingredients / Additives,https://www.ingredientsnetwork.com/lecithin-prod128598.html,No,Yes,Yes
Ingredient,128599,TVP,"Ingredient Mixtures, Synbiotics | Proteins, Enzymes, Amino Acids",249259,Sonic,India,Manufacturer: Ingredients / Additives,https://www.ingredientsnetwork.com/tvp-prod128599.html,No,Yes,Yes
Ingredient,128615,Dehydrated Onion Kibbled,"Fruit, Seeds, Nuts & Peanuts, Vegetables",249090,Kings Dehydrated Foods Pvt Ltd,India,,https://www.ingredientsnetwork.com/dehydrated-onion-kibbled-prod128615.html,No,No,No
Ingredient | Finished Product,128616,Dehydrated Onions Powder,"Additives incl. Flavourings & Colours | Finished Food Categories | Fruit, Seeds, Nuts & Peanuts, Vegetables",249090,Kings Dehydrated Foods Pvt Ltd,India,,https://www.ingredientsnetwork.com/dehydrated-onions-powder-prod128616.html,No,No,No
Ingredient,128618,White and Red Toasted Onion,"Fruit, Seeds, Nuts & Peanuts, Vegetables",249090,Kings Dehydrated Foods Pvt Ltd,India,,https://www.ingredientsnetwork.com/white-and-red-toasted-onion-prod128618.html,No,No,No
Ingredient,128619,Sorbitol,Additives incl. Flavourings & Colours,248903,Hamburg Fructose GmbH,Germany,Distributor,https://www.ingredientsnetwork.com/sorbitol-prod128619.html,No,Yes,No
Ingredient,128620,Sorbitol Syrup 50% / 75%,Additives incl. Flavourings & Colours,248903,Hamburg Fructose GmbH,Germany,Distributor,https://www.ingredientsnetwork.com/sorbitol-syrup-50-75-prod128620.html,No,Yes,No
Ingredient,128621,Maltitol,"Additives incl. Flavourings & Colours | Carbohydrates, Sugars",248903,Hamburg Fructose GmbH,Germany,Distributor,https://www.ingredientsnetwork.com/maltitol-prod128621.html,No,Yes,No
Ingredient,128622,Maltitol Syrup 50 % / 75%,Additives incl. Flavourings & Colours,248903,Hamburg Fructose GmbH,Germany,Distributor,https://www.ingredientsnetwork.com/maltitol-syrup-50-75-prod128622.html,No,Yes,No
Ingredient,128624,Isomaltitol (Isomalt),Additives incl. Flavourings & Colours,248903,Hamburg Fructose GmbH,Germany,Distributor,https://www.ingredientsnetwork.com/isomaltitol-isomalt-prod128624.html,No,Yes,No
Ingredient,128625,Erythritol Stevia Blend,Additives incl. Flavourings & Colours,248903,Hamburg Fructose GmbH,Germany,Distributor,https://www.ingredientsnetwork.com/erythritol-stevia-blend-prod128625.html,No,Yes,No
Ingredient,128626,Erythritol,"Additives incl. Flavourings & Colours | Carbohydrates, Sugars",248903,Hamburg Fructose GmbH,Germany,Distributor,https://www.ingredientsnetwork.com/erythritol-prod128626.html,No,Yes,No
Ingredient,128627,Mannitol,Additives incl. Flavourings & Colours,248903,Hamburg Fructose GmbH,Germany,Distributor,https://www.ingredientsnetwork.com/mannitol-prod128627.html,No,Yes,No
Ingredient,128628,"Fructose, crystalline","Carbohydrates, Sugars",248903,Hamburg Fructose GmbH,Germany,Distributor,https://www.ingredientsnetwork.com/fructose-crystalline-prod128628.html,No,Yes,No
Ingredient,128631,Isomaltulose,Additives incl. Flavourings & Colours,248903,Hamburg Fructose GmbH,Germany,Distributor,https://www.ingredientsnetwork.com/isomaltulose-prod128631.html,No,Yes,No
Ingredient,128632,Saccharose (white sugar),"Carbohydrates, Sugars",248903,Hamburg Fructose GmbH,Germany,Distributor,https://www.ingredientsnetwork.com/saccharose-white-sugar-prod128632.html,No,Yes,No
Ingredient,128633,Xylitol,Additives incl. Flavourings & Colours,248903,Hamburg Fructose GmbH,Germany,Distributor,https://www.ingredientsnetwork.com/xylitol-prod128633.html,No,Yes,No
Ingredient,128634,Dextrose monohydrate,"Carbohydrates, Sugars",248903,Hamburg Fructose GmbH,Germany,Distributor,https://www.ingredientsnetwork.com/dextrose-monohydrate-prod128634.html,No,Yes,No
Ingredient,128635,Maltodextrine,"Additives incl. Flavourings & Colours | Carbohydrates, Sugars",248903,Hamburg Fructose GmbH,Germany,Distributor,https://www.ingredientsnetwork.com/maltodextrine-prod128635.html,No,Yes,No
Ingredient,128636,Erythritol,Additives incl. Flavourings & Colours,248903,Hamburg Fructose GmbH,Germany,Distributor,https://www.ingredientsnetwork.com/erythritol-prod128636.html,No,Yes,No
Ingredient,128637,Maltitol,Additives incl. Flavourings & Colours,248903,Hamburg Fructose GmbH,Germany,Distributor,https://www.ingredientsnetwork.com/maltitol-prod128637.html,No,Yes,No
Ingredient,128640,XOS (Xylo--Oligosaccharide),"Additives incl. Flavourings & Colours | Dietary Fibres, Prebiotics",248903,Hamburg Fructose GmbH,Germany,Distributor,https://www.ingredientsnetwork.com/xos-xylo-oligosaccharide-prod128640.html,No,Yes,No
Ingredient,128644,Sucralose,Additives incl. Flavourings & Colours,248903,Hamburg Fructose GmbH,Germany,Distributor,https://www.ingredientsnetwork.com/sucralose-prod128644.html,No,Yes,No
Ingredient,128645,Sodium Cyclamate,Additives incl. Flavourings & Colours,248903,Hamburg Fructose GmbH,Germany,Distributor,https://www.ingredientsnetwork.com/sodium-cyclamate-prod128645.html,No,Yes,No
Ingredient,128646,Sodium Saccharin,Additives incl. Flavourings & Colours,248903,Hamburg Fructose GmbH,Germany,Distributor,https://www.ingredientsnetwork.com/sodium-saccharin-prod128646.html,No,Yes,No
Ingredient,128647,Stevia,Additives incl. Flavourings & Colours,248903,Hamburg Fructose GmbH,Germany,Distributor,https://www.ingredientsnetwork.com/stevia-prod128647.html,No,Yes,No
Ingredient,128648,Guar Gum,Additives incl. Flavourings & Colours,248903,Hamburg Fructose GmbH,Germany,Distributor,https://www.ingredientsnetwork.com/guar-gum-prod128648.html,No,Yes,No
Ingredient,128649,Polydextrose,Additives incl. Flavourings & Colours,248903,Hamburg Fructose GmbH,Germany,Distributor,https://www.ingredientsnetwork.com/polydextrose-prod128649.html,No,Yes,No
Ingredient,128650,Sodium Citrate,Additives incl. Flavourings & Colours,248903,Hamburg Fructose GmbH,Germany,Distributor,https://www.ingredientsnetwork.com/sodium-citrate-prod128650.html,No,Yes,No
Ingredient,128652,Himalaya Pink Salt,"Vitamins, Minerals",248903,Hamburg Fructose GmbH,Germany,Distributor,https://www.ingredientsnetwork.com/himalaya-pink-salt-prod128652.html,No,Yes,No
Ingredient,129624,Food Starches — Cook-Up,"Additives incl. Flavourings & Colours | Carbohydrates, Sugars | Dietary Fibres, Prebiotics",248733,Galam,Israel,Manufacturer: Ingredients / Additives,https://www.ingredientsnetwork.com/food-starches-cook-up-prod129624.html,No,Yes,No
Ingredient,129625,Food Starches — Instant,"Carbohydrates, Sugars | Dietary Fibres, Prebiotics",248733,Galam,Israel,Manufacturer: Ingredients / Additives,https://www.ingredientsnetwork.com/food-starches-instant-prod129625.html,No,Yes,No
Ingredient,129626,Instant Baby Cereals,"Carbohydrates, Sugars | Cereals & Grains, Pulses | Dietary Fibres, Prebiotics",248733,Galam,Israel,Manufacturer: Ingredients / Additives,https://www.ingredientsnetwork.com/instant-baby-cereals-prod129626.html,No,Yes,No
Ingredient,129627,Native Constarch,"Carbohydrates, Sugars | Cereals & Grains, Pulses",248733,Galam,Israel,Manufacturer: Ingredients / Additives,https://www.ingredientsnetwork.com/native-constarch-prod129627.html,No,Yes,No
Ingredient,129628,Glucose Syrups,Syrups & Others,248733,Galam,Israel,Manufacturer: Ingredients / Additives,https://www.ingredientsnetwork.com/glucose-syrups-prod129628.html,No,Yes,No
Ingredient,129629,Galam HiSweet® Stevia,Additives incl. Flavourings & Colours,248733,Galam,Israel,Manufacturer: Ingredients / Additives,https://www.ingredientsnetwork.com/galam-hisweet-stevia-prod129629.html,No,Yes,No
Ingredient,129630,Fruitose N,"Additives incl. Flavourings & Colours | Carbohydrates, Sugars",248733,Galam,Israel,Manufacturer: Ingredients / Additives,https://www.ingredientsnetwork.com/fruitose-n-prod129630.html,No,Yes,No
Ingredient,129631,Fruitose S,"Additives incl. Flavourings & Colours | Carbohydrates, Sugars",248733,Galam,Israel,Manufacturer: Ingredients / Additives,https://www.ingredientsnetwork.com/fruitose-s-prod129631.html,No,Yes,No
Ingredient,129632,Fruitose MS,"Additives incl. Flavourings & Colours | Carbohydrates, Sugars",248733,Galam,Israel,Manufacturer: Ingredients / Additives,https://www.ingredientsnetwork.com/fruitose-ms-prod129632.html,No,Yes,No
Ingredient,129633,Fruitose DU,"Additives incl. Flavourings & Colours | Carbohydrates, Sugars",248733,Galam,Israel,Manufacturer: Ingredients / Additives,https://www.ingredientsnetwork.com/fruitose-du-prod129633.html,No,Yes,No
Ingredient,129634,Fruitose A,"Additives incl. Flavourings & Colours | Carbohydrates, Sugars",248733,Galam,Israel,Manufacturer: Ingredients / Additives,https://www.ingredientsnetwork.com/fruitose-a-prod129634.html,No,Yes,No
Ingredient,129635,Fruitose NP,"Additives incl. Flavourings & Colours | Carbohydrates, Sugars",248733,Galam,Israel,Manufacturer: Ingredients / Additives,https://www.ingredientsnetwork.com/fruitose-np-prod129635.html,No,Yes,No
Ingredient,129653,Almond Amaretto Flavor,Additives incl. Flavourings & Colours,249603,Gold Coast Ingredients Inc.,United States,Manufacturer: Ingredients / Additives,https://www.ingredientsnetwork.com/almond-amaretto-flavor-prod129653.html,Yes,Yes,No
Ingredient,129655,Almond Bitter Oil,Additives incl. Flavourings & Colours | Fats & Oils,249603,Gold Coast Ingredients Inc.,United States,Manufacturer: Ingredients / Additives,https://www.ingredientsnetwork.com/almond-bitter-oil-prod129655.html,Yes,Yes,No
Ingredient,129656,Almond Butter Flavor,Additives incl. Flavourings & Colours,249603,Gold Coast Ingredients Inc.,United States,Manufacturer: Ingredients / Additives,https://www.ingredientsnetwork.com/almond-butter-flavor-prod129656.html,Yes,Yes,No
Ingredient,129657,Almond Butter Vanilla Concentrated,Additives incl. Flavourings & Colours | Fats & Oils,249603,Gold Coast Ingredients Inc.,United States,Manufacturer: Ingredients / Additives,https://www.ingredientsnetwork.com/almond-butter-vanilla-concentrated-prod129657.html,Yes,Yes,No
Ingredient,129661,Almond Flavor,Additives incl. Flavourings & Colours,249603,Gold Coast Ingredients Inc.,United States,Manufacturer: Ingredients / Additives,https://www.ingredientsnetwork.com/almond-flavor-prod129661.html,Yes,Yes,No
Ingredient,129665,Almond Vanilla Concentrated Flavor,Additives incl. Flavourings & Colours,249603,Gold Coast Ingredients Inc.,United States,Manufacturer: Ingredients / Additives,https://www.ingredientsnetwork.com/almond-vanilla-concentrated-flavor-prod129665.html,Yes,Yes,No
Ingredient,129666,Amaretto Cappuccino Concentrated Powder,Additives incl. Flavourings & Colours,249603,Gold Coast Ingredients Inc.,United States,Manufacturer: Ingredients / Additives,https://www.ingredientsnetwork.com/amaretto-cappuccino-concentrated-powder-prod129666.html,Yes,Yes,No
Ingredient,129667,Amaretto Concentrated Emulsion,Additives incl. Flavourings & Colours,249603,Gold Coast Ingredients Inc.,United States,Manufacturer: Ingredients / Additives,https://www.ingredientsnetwork.com/amaretto-concentrated-emulsion-prod129667.html,Yes,Yes,No
Ingredient,129668,Amaretto Flavor,Additives incl. Flavourings & Colours,249603,Gold Coast Ingredients Inc.,United States,Manufacturer: Ingredients / Additives,https://www.ingredientsnetwork.com/amaretto-flavor-prod129668.html,Yes,Yes,No
Ingredient,129669,Amaretto GM Concentrated Powder,Additives incl. Flavourings & Colours,249603,Gold Coast Ingredients Inc.,United States,Manufacturer: Ingredients / Additives,https://www.ingredientsnetwork.com/amaretto-gm-concentrated-powder-prod129669.html,Yes,Yes,No
Ingredient,129670,Amaretto Oil,Additives incl. Flavourings & Colours,249603,Gold Coast Ingredients Inc.,United States,Manufacturer: Ingredients / Additives,https://www.ingredientsnetwork.com/amaretto-oil-prod129670.html,Yes,Yes,No
Ingredient,129671,Amaretto Powder Flavor,Additives incl. Flavourings & Colours,249603,Gold Coast Ingredients Inc.,United States,Manufacturer: Ingredients / Additives,https://www.ingredientsnetwork.com/amaretto-powder-flavor-prod129671.html,Yes,Yes,No
Ingredient,129672,Amyl Acetate,Additives incl. Flavourings & Colours,249603,Gold Coast Ingredients Inc.,United States,Manufacturer: Ingredients / Additives,https://www.ingredientsnetwork.com/amyl-acetate-prod129672.html,Yes,Yes,No
Ingredient,129673,Anise Concentrated Flavor,Additives incl. Flavourings & Colours,249603,Gold Coast Ingredients Inc.,United States,Manufacturer: Ingredients / Additives,https://www.ingredientsnetwork.com/anise-concentrated-flavor-prod129673.html,Yes,Yes,No
Ingredient,129674,Anise Oil,Additives incl. Flavourings & Colours | Fats & Oils,249603,Gold Coast Ingredients Inc.,United States,Manufacturer: Ingredients / Additives,https://www.ingredientsnetwork.com/anise-oil-prod129674.html,Yes,Yes,No
Ingredient,129675,Annatto Extract 50% Solution,Additives incl. Flavourings & Colours,249603,Gold Coast Ingredients Inc.,United States,Manufacturer: Ingredients / Additives,https://www.ingredientsnetwork.com/annatto-extract-50-solution-prod129675.html,Yes,Yes,No
Ingredient,129678,Apple Candy Spice Flavor,"Additives incl. Flavourings & Colours | Herbs, Spices",249603,Gold Coast Ingredients Inc.,United States,Manufacturer: Ingredients / Additives,https://www.ingredientsnetwork.com/apple-candy-spice-flavor-prod129678.html,Yes,Yes,No
Ingredient,129990,L-Serine,"Proteins, Enzymes, Amino Acids",249598,PRINOVA EUROPE LIMITED,United Kingdom,Manufacturer: Ingredients / Additives,https://www.ingredientsnetwork.com/l-serine-prod129990.html,Yes,Yes,Yes
Ingredient,129991,L-Threonine,"Proteins, Enzymes, Amino Acids",249598,PRINOVA EUROPE LIMITED,United Kingdom,Manufacturer: Ingredients / Additives,https://www.ingredientsnetwork.com/l-threonine-prod129991.html,Yes,Yes,Yes
Ingredient,129992,L-Tryptophan,"Proteins, Enzymes, Amino Acids",249598,PRINOVA EUROPE LIMITED,United Kingdom,Manufacturer: Ingredients / Additives,https://www.ingredientsnetwork.com/l-tryptophan-prod129992.html,Yes,Yes,Yes
Ingredient | Finished Product,129993,L-Tyrosine (EP),"Proteins, Enzymes, Amino Acids | Specialised Finished Products",249598,PRINOVA EUROPE LIMITED,United Kingdom,Manufacturer: Ingredients / Additives,https://www.ingredientsnetwork.com/l-tyrosine-ep-prod129993.html,Yes,Yes,Yes
Ingredient,129994,L-Tyrosine (FCC),"Proteins, Enzymes, Amino Acids",249598,PRINOVA EUROPE LIMITED,United Kingdom,Manufacturer: Ingredients / Additives,https://www.ingredientsnetwork.com/l-tyrosine-fcc-prod129994.html,Yes,Yes,Yes
Ingredient,129995,L-Tyrosine (USP),"Proteins, Enzymes, Amino Acids",249598,PRINOVA EUROPE LIMITED,United Kingdom,Manufacturer: Ingredients / Additives,https://www.ingredientsnetwork.com/l-tyrosine-usp-prod129995.html,Yes,Yes,Yes
Ingredient,129996,L-Valine,"Proteins, Enzymes, Amino Acids",249598,PRINOVA EUROPE LIMITED,United Kingdom,Manufacturer: Ingredients / Additives,https://www.ingredientsnetwork.com/l-valine-prod129996.html,Yes,Yes,Yes
Ingredient,129997,N-Acetyl-L-Cysteine,"Additives incl. Flavourings & Colours | Proteins, Enzymes, Amino Acids",249598,PRINOVA EUROPE LIMITED,United Kingdom,Manufacturer: Ingredients / Additives,https://www.ingredientsnetwork.com/n-acetyl-l-cysteine-prod129997.html,Yes,Yes,Yes
Ingredient | Finished Product,129998,N-Acetyl-L-Tyrosine,"Proteins, Enzymes, Amino Acids | Specialised Finished Products",249598,PRINOVA EUROPE LIMITED,United Kingdom,Manufacturer: Ingredients / Additives,https://www.ingredientsnetwork.com/n-acetyl-l-tyrosine-prod129998.html,Yes,Yes,Yes
Ingredient,129999,Taurine (JP),"Proteins, Enzymes, Amino Acids",249598,PRINOVA EUROPE LIMITED,United Kingdom,Manufacturer: Ingredients / Additives,https://www.ingredientsnetwork.com/taurine-jp-prod129999.html,Yes,Yes,Yes
Ingredient,130000,Taurine (USP),"Proteins, Enzymes, Amino Acids",249598,PRINOVA EUROPE LIMITED,United Kingdom,Manufacturer: Ingredients / Additives,https://www.ingredientsnetwork.com/taurine-usp-prod130000.html,Yes,Yes,Yes
Ingredient,130001,Taurine (+ 0.5% ANTICAKING),"Additives incl. Flavourings & Colours | Proteins, Enzymes, Amino Acids",249598,PRINOVA EUROPE LIMITED,United Kingdom,Manufacturer: Ingredients / Additives,https://www.ingredientsnetwork.com/taurine-0-5-anticaking-prod130001.html,Yes,Yes,Yes
Ingredient,130002,Alpha Lipoic Acid,Additives incl. Flavourings & Colours | Bioactive Compounds - Other,249598,PRINOVA EUROPE LIMITED,United Kingdom,Manufacturer: Ingredients / Additives,https://www.ingredientsnetwork.com/alpha-lipoic-acid-prod130002.html,Yes,Yes,Yes
Ingredient,130003,Erythorbic Acid,Additives incl. Flavourings & Colours,249598,PRINOVA EUROPE LIMITED,United Kingdom,Manufacturer: Ingredients / Additives,https://www.ingredientsnetwork.com/erythorbic-acid-prod130003.html,Yes,Yes,Yes
Ingredient,130004,Sodium Erythorbate,Additives incl. Flavourings & Colours,249598,PRINOVA EUROPE LIMITED,United Kingdom,Manufacturer: Ingredients / Additives,https://www.ingredientsnetwork.com/sodium-erythorbate-prod130004.html,Yes,Yes,Yes
Ingredient,130005,Aldehyde C16,Additives incl. Flavourings & Colours,249598,PRINOVA EUROPE LIMITED,United Kingdom,Manufacturer: Ingredients / Additives,https://www.ingredientsnetwork.com/aldehyde-c16-prod130005.html,Yes,Yes,Yes
Ingredient,130686,Acai Type Flavor,"Additives incl. Flavourings & Colours | Algae, Botanicals, Carotenoids, Flavonoids",249603,Gold Coast Ingredients Inc.,United States,Manufacturer: Ingredients / Additives,https://www.ingredientsnetwork.com/acai-type-flavor-prod130686.html,Yes,Yes,No
Ingredient,130687,African Chili Type Flavor,Additives incl. Flavourings & Colours,249603,Gold Coast Ingredients Inc.,United States,Manufacturer: Ingredients / Additives,https://www.ingredientsnetwork.com/african-chili-type-flavor-prod130687.html,Yes,Yes,No
Ingredient,130691,Amaretto Type Extract Flavor,Additives incl. Flavourings & Colours,249603,Gold Coast Ingredients Inc.,United States,Manufacturer: Ingredients / Additives,https://www.ingredientsnetwork.com/amaretto-type-extract-flavor-prod130691.html,Yes,Yes,No
Ingredient,130692,Andouille Sausage Type Flavor,Additives incl. Flavourings & Colours,249603,Gold Coast Ingredients Inc.,United States,Manufacturer: Ingredients / Additives,https://www.ingredientsnetwork.com/andouille-sausage-type-flavor-prod130692.html,Yes,Yes,No
Ingredient,130889,Anchovy,"Additives incl. Flavourings & Colours | Fruit, Seeds, Nuts & Peanuts, Vegetables",249603,Gold Coast Ingredients Inc.,United States,Manufacturer: Ingredients / Additives,https://www.ingredientsnetwork.com/anchovy-prod130889.html,Yes,Yes,No
Ingredient,130908,Aged Cheddar Flavor.,Additives incl. Flavourings & Colours,249603,Gold Coast Ingredients Inc.,United States,Manufacturer: Ingredients / Additives,https://www.ingredientsnetwork.com/aged-cheddar-flavor-prod130908.html,Yes,Yes,No
Ingredient,130924,Anaheim Chili,"Algae, Botanicals, Carotenoids, Flavonoids",249603,Gold Coast Ingredients Inc.,United States,Manufacturer: Ingredients / Additives,https://www.ingredientsnetwork.com/anaheim-chili-prod130924.html,Yes,Yes,No
Ingredient,130925,Ancho Chili,"Algae, Botanicals, Carotenoids, Flavonoids | Herbs, Spices",249603,Gold Coast Ingredients Inc.,United States,Manufacturer: Ingredients / Additives,https://www.ingredientsnetwork.com/ancho-chili-prod130925.html,Yes,Yes,No
Ingredient | Finished Product,131031,Organic/ Conventional Date Juice Concentrate/Syrup,"Additives incl. Flavourings & Colours | Finished Food Categories | Fruit, Seeds, Nuts & Peanuts, Vegetables",249566,SIROPERIE MEURENS SA,Belgium,Manufacturer: Ingredients / Additives,https://www.ingredientsnetwork.com/organic-conventional-date-juice-concentrate-syrup-prod131031.html,No,No,No
Ingredient | Finished Product,131033,Organic/Conventional Apricot Juice Concentrate/syrup,"Additives incl. Flavourings & Colours | Finished Food Categories | Fruit, Seeds, Nuts & Peanuts, Vegetables",249566,SIROPERIE MEURENS SA,Belgium,Manufacturer: Ingredients / Additives,https://www.ingredientsnetwork.com/organic-conventional-apricot-juice-concentrate-prod131033.html,No,No,No
Ingredient | Finished Product,131035,Organic/Conventional Fig Juice Concentrate,"Additives incl. Flavourings & Colours | Finished Food Categories | Fruit, Seeds, Nuts & Peanuts, Vegetables",249566,SIROPERIE MEURENS SA,Belgium,Manufacturer: Ingredients / Additives,https://www.ingredientsnetwork.com/organic-conventional-fig-juice-concentrate-prod131035.html,No,No,No
Ingredient,131039,SIPA-WHEAT 69,"Carbohydrates, Sugars | Cereals & Grains, Pulses | Syrups & Others",249251,Meurens Natural,Belgium,Manufacturer: Ingredients / Additives,https://www.ingredientsnetwork.com/sipa-wheat-69-prod131039.html,No,Yes,No
Ingredient,131041,SIPA-WHEAT 30,"Carbohydrates, Sugars | Proteins, Enzymes, Amino Acids | Syrups & Others",249251,Meurens Natural,Belgium,Manufacturer: Ingredients / Additives,https://www.ingredientsnetwork.com/sipa-wheat-30-prod131041.html,No,Yes,No
Ingredient,131042,SIPADRY-WHEAT 30,"Additives incl. Flavourings & Colours | Carbohydrates, Sugars | Cereals & Grains, Pulses | Syrups & Others",249251,Meurens Natural,Belgium,Manufacturer: Ingredients / Additives,https://www.ingredientsnetwork.com/sipadry-wheat-30-prod131042.html,No,Yes,No
Ingredient,131043,SIPADRY-WHEAT 18,"Additives incl. Flavourings & Colours | Carbohydrates, Sugars | Cereals & Grains, Pulses",249251,Meurens Natural,Belgium,Manufacturer: Ingredients / Additives,https://www.ingredientsnetwork.com/sipadry-wheat-18-prod131043.html,No,Yes,No
Ingredient,131044,SIPA-PIOCA 69,"Carbohydrates, Sugars | Proteins, Enzymes, Amino Acids | Syrups & Others",249251,Meurens Natural,Belgium,Manufacturer: Ingredients / Additives,https://www.ingredientsnetwork.com/sipa-pioca-69-prod131044.html,No,Yes,No
Ingredient,131047,SIPA-RICE 62,"Additives incl. Flavourings & Colours | Carbohydrates, Sugars | Proteins, Enzymes, Amino Acids | Syrups & Others",249251,Meurens Natural,Belgium,Manufacturer: Ingredients / Additives,https://www.ingredientsnetwork.com/sipa-rice-62-prod131047.html,No,Yes,No
Ingredient,131048,SIPA-RICE 35,"Carbohydrates, Sugars | Cereals & Grains, Pulses | Syrups & Others",249251,Meurens Natural,Belgium,Manufacturer: Ingredients / Additives,https://www.ingredientsnetwork.com/sipa-rice-35-prod131048.html,No,Yes,No
Ingredient,131050,SIPADRY-RICE 18,"Additives incl. Flavourings & Colours | Carbohydrates, Sugars | Proteins, Enzymes, Amino Acids | Syrups & Others",249251,Meurens Natural,Belgium,Manufacturer: Ingredients / Additives,https://www.ingredientsnetwork.com/sipadry-rice-18-prod131050.html,No,Yes,No
Ingredient,131051,SIPA-BARLEYMALT 48,"Additives incl. Flavourings & Colours | Cereals & Grains, Pulses | Syrups & Others",249251,Meurens Natural,Belgium,Manufacturer: Ingredients / Additives,https://www.ingredientsnetwork.com/sipa-barleymalt-48-prod131051.html,No,Yes,No
Ingredient,131057,SIPA-SPELT 58,"Carbohydrates, Sugars | Syrups & Others",249251,Meurens Natural,Belgium,Manufacturer: Ingredients / Additives,https://www.ingredientsnetwork.com/sipa-spelt-58-prod131057.html,No,Yes,No
Ingredient,131058,SIPA-OAT 35,"Cereals & Grains, Pulses | Proteins, Enzymes, Amino Acids | Syrups & Others",249251,Meurens Natural,Belgium,Manufacturer: Ingredients / Additives,https://www.ingredientsnetwork.com/sipa-oat-35-prod131058.html,No,Yes,No
Ingredient,131061,SIPA-DATES,"Additives incl. Flavourings & Colours | Fruit, Seeds, Nuts & Peanuts, Vegetables | Syrups & Others",249251,Meurens Natural,Belgium,Manufacturer: Ingredients / Additives,https://www.ingredientsnetwork.com/sipa-dates-prod131061.html,No,Yes,No
Finished Product,131074,VIGIIS 101-Lactobacillus(Original taste),Specialised Finished Products,249269,Sunway Biotech Co Ltd.,China,Raw Material Supplier,https://www.ingredientsnetwork.com/vigiis-101-lactobacillusoriginal-taste-prod131074.html,No,No,No
Ingredient,131238,CAA Fine Granular,Additives incl. Flavourings & Colours,249143,"Niran (Thailand) Co., Ltd.",Thailand,,https://www.ingredientsnetwork.com/caa-fine-granular-prod131238.html,No,No,No
Ingredient,131240,Citric Acid Monohydrate,Additives incl. Flavourings & Colours,249143,"Niran (Thailand) Co., Ltd.",Thailand,,https://www.ingredientsnetwork.com/citric-acid-monohydrate-prod131240.html,No,No,No
Ingredient,131243,Calcium Citrate,Additives incl. Flavourings & Colours,249143,"Niran (Thailand) Co., Ltd.",Thailand,,https://www.ingredientsnetwork.com/calcium-citrate-prod131243.html,No,No,No
Ingredient,131282,Vanilla flavourings,Additives incl. Flavourings & Colours,249188,Prova SAS,France,Manufacturer: Ingredients / Additives,https://www.ingredientsnetwork.com/vanilla-flavourings-prod131282.html,Yes,Yes,Yes
Ingredient,131283,Provarom,Additives incl. Flavourings & Colours,249188,Prova SAS,France,Manufacturer: Ingredients / Additives,https://www.ingredientsnetwork.com/provarom-prod131283.html,Yes,Yes,Yes
Ingredient,131284,Provanil,Additives incl. Flavourings & Colours,249188,Prova SAS,France,Manufacturer: Ingredients / Additives,https://www.ingredientsnetwork.com/provanil-prod131284.html,Yes,Yes,Yes
Ingredient,131285,Procafe flavourings,Additives incl. Flavourings & Colours,249188,Prova SAS,France,Manufacturer: Ingredients / Additives,https://www.ingredientsnetwork.com/procafe-flavourings-prod131285.html,Yes,Yes,Yes
Ingredient,131286,Pure Arabica,Additives incl. Flavourings & Colours,249188,Prova SAS,France,Manufacturer: Ingredients / Additives,https://www.ingredientsnetwork.com/pure-arabica-prod131286.html,Yes,Yes,Yes
Ingredient,131287,Pure Robusta,"Additives incl. Flavourings & Colours | Algae, Botanicals, Carotenoids, Flavonoids",249188,Prova SAS,France,Manufacturer: Ingredients / Additives,https://www.ingredientsnetwork.com/pure-robusta-prod131287.html,Yes,Yes,Yes
Ingredient,131288,Arabica/Robusta blends,"Algae, Botanicals, Carotenoids, Flavonoids",249188,Prova SAS,France,Manufacturer: Ingredients / Additives,https://www.ingredientsnetwork.com/arabica-robusta-blends-prod131288.html,Yes,Yes,Yes
Ingredient,131289,Procao flavours,"Additives incl. Flavourings & Colours | Algae, Botanicals, Carotenoids, Flavonoids | Fruit, Seeds, Nuts & Peanuts, Vegetables",249188,Prova SAS,France,Manufacturer: Ingredients / Additives,https://www.ingredientsnetwork.com/procao-flavours-prod131289.html,Yes,Yes,Yes
Ingredient,131290,The Nuts,"Fruit, Seeds, Nuts & Peanuts, Vegetables",249188,Prova SAS,France,Manufacturer: Ingredients / Additives,https://www.ingredientsnetwork.com/the-nuts-prod131290.html,Yes,Yes,Yes
Ingredient,131291,The Caramel Notes,Additives incl. Flavourings & Colours,249188,Prova SAS,France,Manufacturer: Ingredients / Additives,https://www.ingredientsnetwork.com/the-caramel-notes-prod131291.html,Yes,Yes,Yes
Ingredient,131292,The Biscuit Notes,Additives incl. Flavourings & Colours,249188,Prova SAS,France,Manufacturer: Ingredients / Additives,https://www.ingredientsnetwork.com/the-biscuit-notes-prod131292.html,Yes,Yes,Yes
Ingredient,131293,The Pastry notes,Additives incl. Flavourings & Colours,249188,Prova SAS,France,Manufacturer: Ingredients / Additives,https://www.ingredientsnetwork.com/the-pastry-notes-prod131293.html,Yes,Yes,Yes
Ingredient,131294,The Confectionery Notes,Additives incl. Flavourings & Colours,249188,Prova SAS,France,Manufacturer: Ingredients / Additives,https://www.ingredientsnetwork.com/the-confectionery-notes-prod131294.html,Yes,Yes,Yes
Ingredient,131295,Alcoholic Notes,Additives incl. Flavourings & Colours,249188,Prova SAS,France,Manufacturer: Ingredients / Additives,https://www.ingredientsnetwork.com/alcoholic-notes-prod131295.html,Yes,Yes,Yes
Ingredient | Finished Product,131296,Other notes,Additives incl. Flavourings & Colours | Dairy Ingredients | Finished Food Categories,249188,Prova SAS,France,Manufacturer: Ingredients / Additives,https://www.ingredientsnetwork.com/other-notes-prod131296.html,Yes,Yes,Yes
Ingredient,131297,Organic Vanilla Natural Flavour Extracts,Additives incl. Flavourings & Colours,249188,Prova SAS,France,Manufacturer: Ingredients / Additives,https://www.ingredientsnetwork.com/organic-vanilla-natural-flavour-extracts-prod131297.html,Yes,Yes,Yes
Ingredient,131298,Organic Cocoa Extracts,"Additives incl. Flavourings & Colours | Algae, Botanicals, Carotenoids, Flavonoids | Fruit, Seeds, Nuts & Peanuts, Vegetables",249188,Prova SAS,France,Manufacturer: Ingredients / Additives,https://www.ingredientsnetwork.com/organic-cocoa-extracts-prod131298.html,Yes,Yes,Yes
Ingredient,131299,Organic Coffee Extracts,"Additives incl. Flavourings & Colours | Algae, Botanicals, Carotenoids, Flavonoids",249188,Prova SAS,France,Manufacturer: Ingredients / Additives,https://www.ingredientsnetwork.com/organic-coffee-extracts-prod131299.html,Yes,Yes,Yes
Ingredient,131300,Organic Caramel Natural Flavour,Additives incl. Flavourings & Colours,249188,Prova SAS,France,Manufacturer: Ingredients / Additives,https://www.ingredientsnetwork.com/organic-caramel-natural-flavour-prod131300.html,Yes,Yes,Yes
Ingredient,131301,Organic Chestnut Natural Flavour,"Additives incl. Flavourings & Colours | Algae, Botanicals, Carotenoids, Flavonoids",249188,Prova SAS,France,Manufacturer: Ingredients / Additives,https://www.ingredientsnetwork.com/organic-chestnut-natural-flavour-prod131301.html,Yes,Yes,Yes
Ingredient,131305,Acesulfame K,Additives incl. Flavourings & Colours,249927,Falken Trade Sp. z o.o.,Poland,Distributor|Raw Material Supplier,https://www.ingredientsnetwork.com/acesulfame-k-prod131305.html,No,No,Yes
Ingredient,131309,Annatto,Additives incl. Flavourings & Colours,249927,Falken Trade Sp. z o.o.,Poland,Distributor|Raw Material Supplier,https://www.ingredientsnetwork.com/annatto-prod131309.html,No,No,Yes
Ingredient,131310,Anthocyanins,Additives incl. Flavourings & Colours,249927,Falken Trade Sp. z o.o.,Poland,Distributor|Raw Material Supplier,https://www.ingredientsnetwork.com/anthocyanins-prod131310.html,No,No,Yes
Ingredient,131316,Ascorbic acid,Additives incl. Flavourings & Colours,249927,Falken Trade Sp. z o.o.,Poland,Distributor|Raw Material Supplier,https://www.ingredientsnetwork.com/ascorbic-acid-prod131316.html,No,No,Yes
Ingredient,131317,Aspartame,Additives incl. Flavourings & Colours,249927,Falken Trade Sp. z o.o.,Poland,Distributor|Raw Material Supplier,https://www.ingredientsnetwork.com/aspartame-prod131317.html,No,No,Yes
Ingredient,131322,Beta carotene,"Additives incl. Flavourings & Colours | Algae, Botanicals, Carotenoids, Flavonoids",249927,Falken Trade Sp. z o.o.,Poland,Distributor|Raw Material Supplier,https://www.ingredientsnetwork.com/beta-carotene-prod131322.html,No,No,Yes
Ingredient,131333,Caffeine,"Algae, Botanicals, Carotenoids, Flavonoids",249927,Falken Trade Sp. z o.o.,Poland,Distributor|Raw Material Supplier,https://www.ingredientsnetwork.com/caffeine-prod131333.html,No,No,Yes
Ingredient,131335,Calcium Ascorbate,Additives incl. Flavourings & Colours,249927,Falken Trade Sp. z o.o.,Poland,Distributor|Raw Material Supplier,https://www.ingredientsnetwork.com/calcium-ascorbate-prod131335.html,No,No,Yes
Ingredient,131336,Calcium carbonate,Additives incl. Flavourings & Colours,249927,Falken Trade Sp. z o.o.,Poland,Distributor|Raw Material Supplier,https://www.ingredientsnetwork.com/calcium-carbonate-prod131336.html,No,No,Yes
Ingredient,131337,Calcium chloride,Additives incl. Flavourings & Colours,249927,Falken Trade Sp. z o.o.,Poland,Distributor|Raw Material Supplier,https://www.ingredientsnetwork.com/calcium-chloride-prod131337.html,No,No,Yes
Ingredient,131338,Calcium citrate,Additives incl. Flavourings & Colours,249927,Falken Trade Sp. z o.o.,Poland,Distributor|Raw Material Supplier,https://www.ingredientsnetwork.com/calcium-citrate-prod131338.html,No,No,Yes
Ingredient,131339,Calcium sorbate,Additives incl. Flavourings & Colours,249927,Falken Trade Sp. z o.o.,Poland,Distributor|Raw Material Supplier,https://www.ingredientsnetwork.com/calcium-sorbate-prod131339.html,No,No,Yes
Ingredient,131340,Calcium sulfate,Additives incl. Flavourings & Colours,249927,Falken Trade Sp. z o.o.,Poland,Distributor|Raw Material Supplier,https://www.ingredientsnetwork.com/calcium-sulfate-prod131340.html,No,No,Yes
Ingredient,131341,Calicum citrate,Additives incl. Flavourings & Colours,249927,Falken Trade Sp. z o.o.,Poland,Distributor|Raw Material Supplier,https://www.ingredientsnetwork.com/calicum-citrate-prod131341.html,No,No,Yes
Ingredient,131345,Carmine,Additives incl. Flavourings & Colours,249927,Falken Trade Sp. z o.o.,Poland,Distributor|Raw Material Supplier,https://www.ingredientsnetwork.com/carmine-prod131345.html,No,No,Yes
Ingredient,131356,Chlorophyllin,Additives incl. Flavourings & Colours,249927,Falken Trade Sp. z o.o.,Poland,Distributor|Raw Material Supplier,https://www.ingredientsnetwork.com/chlorophyllin-prod131356.html,No,No,Yes
Ingredient,131358,Citric acid anhydrous,Additives incl. Flavourings & Colours,249927,Falken Trade Sp. z o.o.,Poland,Distributor|Raw Material Supplier,https://www.ingredientsnetwork.com/citric-acid-anhydrous-prod131358.html,No,No,Yes
Ingredient,131360,Citric acid monohydrate,Additives incl. Flavourings & Colours,249927,Falken Trade Sp. z o.o.,Poland,Distributor|Raw Material Supplier,https://www.ingredientsnetwork.com/citric-acid-monohydrate-prod131360.html,No,No,Yes
Ingredient,131369,Curcumin,Additives incl. Flavourings & Colours,249927,Falken Trade Sp. z o.o.,Poland,Distributor|Raw Material Supplier,https://www.ingredientsnetwork.com/curcumin-prod131369.html,No,No,Yes
Ingredient,131372,Dextrose,"Carbohydrates, Sugars",249927,Falken Trade Sp. z o.o.,Poland,Distributor|Raw Material Supplier,https://www.ingredientsnetwork.com/dextrose-prod131372.html,No,No,Yes
Ingredient,131483,Ajowan Seed Oil,"Fats & Oils | Fruit, Seeds, Nuts & Peanuts, Vegetables",249182,Plant Lipids Pvt Ltd,India,Manufacturer: Food & Beverage Finished Products|Manufacturer: Ingredients / Additives|Raw Material Supplier,https://www.ingredientsnetwork.com/ajowan-seed-oil-prod131483.html,Yes,Yes,Yes
Ingredient,131484,Black Pepper Oil,Additives incl. Flavourings & Colours | Fats & Oils,249182,Plant Lipids Pvt Ltd,India,Manufacturer: Food & Beverage Finished Products|Manufacturer: Ingredients / Additives|Raw Material Supplier,https://www.ingredientsnetwork.com/black-pepper-oil-prod131484.html,Yes,Yes,Yes
Ingredient,131485,Calamus Oil,"Additives incl. Flavourings & Colours | Algae, Botanicals, Carotenoids, Flavonoids",249182,Plant Lipids Pvt Ltd,India,Manufacturer: Food & Beverage Finished Products|Manufacturer: Ingredients / Additives|Raw Material Supplier,https://www.ingredientsnetwork.com/calamus-oil-prod131485.html,Yes,Yes,Yes
Ingredient,131486,Cardamom Oil,"Additives incl. Flavourings & Colours | Herbs, Spices",249182,Plant Lipids Pvt Ltd,India,Manufacturer: Food & Beverage Finished Products|Manufacturer: Ingredients / Additives|Raw Material Supplier,https://www.ingredientsnetwork.com/cardamom-oil-prod131486.html,Yes,Yes,Yes
Ingredient,131487,Cassia Bark Oil,"Additives incl. Flavourings & Colours | Algae, Botanicals, Carotenoids, Flavonoids | Fats & Oils",249182,Plant Lipids Pvt Ltd,India,Manufacturer: Food & Beverage Finished Products|Manufacturer: Ingredients / Additives|Raw Material Supplier,https://www.ingredientsnetwork.com/cassia-bark-oil-prod131487.html,Yes,Yes,Yes
Ingredient,131488,Celery Seed Oil,"Additives incl. Flavourings & Colours | Algae, Botanicals, Carotenoids, Flavonoids | Fats & Oils",249182,Plant Lipids Pvt Ltd,India,Manufacturer: Food & Beverage Finished Products|Manufacturer: Ingredients / Additives|Raw Material Supplier,https://www.ingredientsnetwork.com/celery-seed-oil-prod131488.html,Yes,Yes,Yes
Ingredient,131489,Cinnamon Bark Oil,Additives incl. Flavourings & Colours | Fats & Oils,249182,Plant Lipids Pvt Ltd,India,Manufacturer: Food & Beverage Finished Products|Manufacturer: Ingredients / Additives|Raw Material Supplier,https://www.ingredientsnetwork.com/cinnamon-bark-oil-prod131489.html,Yes,Yes,Yes
Ingredient,131490,Cinnamon Leaf Oil,"Additives incl. Flavourings & Colours | Fats & Oils | Herbs, Spices",249182,Plant Lipids Pvt Ltd,India,Manufacturer: Food & Beverage Finished Products|Manufacturer: Ingredients / Additives|Raw Material Supplier,https://www.ingredientsnetwork.com/cinnamon-leaf-oil-prod131490.html,Yes,Yes,Yes
Ingredient,131491,Clove Bud Oil,"Additives incl. Flavourings & Colours | Fats & Oils | Herbs, Spices",249182,Plant Lipids Pvt Ltd,India,Manufacturer: Food & Beverage Finished Products|Manufacturer: Ingredients / Additives|Raw Material Supplier,https://www.ingredientsnetwork.com/clove-bud-oil-prod131491.html,Yes,Yes,Yes
Ingredient,131492,Clove Leaf Oil,"Additives incl. Flavourings & Colours | Fats & Oils | Herbs, Spices",249182,Plant Lipids Pvt Ltd,India,Manufacturer: Food & Beverage Finished Products|Manufacturer: Ingredients / Additives|Raw Material Supplier,https://www.ingredientsnetwork.com/clove-leaf-oil-prod131492.html,Yes,Yes,Yes
Ingredient,131513,Black Pepper,"Herbs, Spices",249182,Plant Lipids Pvt Ltd,India,Manufacturer: Food & Beverage Finished Products|Manufacturer: Ingredients / Additives|Raw Material Supplier,https://www.ingredientsnetwork.com/black-pepper-prod131513.html,Yes,Yes,Yes
Ingredient,131516,Cardamom,"Additives incl. Flavourings & Colours | Herbs, Spices",249182,Plant Lipids Pvt Ltd,India,Manufacturer: Food & Beverage Finished Products|Manufacturer: Ingredients / Additives|Raw Material Supplier,https://www.ingredientsnetwork.com/cardamom-prod131516.html,Yes,Yes,Yes
Ingredient,131519,Celery Seed,"Additives incl. Flavourings & Colours | Herbs, Spices",249182,Plant Lipids Pvt Ltd,India,Manufacturer: Food & Beverage Finished Products|Manufacturer: Ingredients / Additives|Raw Material Supplier,https://www.ingredientsnetwork.com/celery-seed-prod131519.html,Yes,Yes,Yes
Ingredient,131520,Capsicum,"Additives incl. Flavourings & Colours | Fruit, Seeds, Nuts & Peanuts, Vegetables",249182,Plant Lipids Pvt Ltd,India,Manufacturer: Food & Beverage Finished Products|Manufacturer: Ingredients / Additives|Raw Material Supplier,https://www.ingredientsnetwork.com/capsicum-prod131520.html,Yes,Yes,Yes
Ingredient,131523,Cassia Bark,"Additives incl. Flavourings & Colours | Algae, Botanicals, Carotenoids, Flavonoids",249182,Plant Lipids Pvt Ltd,India,Manufacturer: Food & Beverage Finished Products|Manufacturer: Ingredients / Additives|Raw Material Supplier,https://www.ingredientsnetwork.com/cassia-bark-prod131523.html,Yes,Yes,Yes
Ingredient,131526,Clove Bud,"Herbs, Spices",249182,Plant Lipids Pvt Ltd,India,Manufacturer: Food & Beverage Finished Products|Manufacturer: Ingredients / Additives|Raw Material Supplier,https://www.ingredientsnetwork.com/clove-bud-prod131526.html,Yes,Yes,Yes
Ingredient,131541,Betel Leaf Oil,Additives incl. Flavourings & Colours | Fats & Oils,249182,Plant Lipids Pvt Ltd,India,Manufacturer: Food & Beverage Finished Products|Manufacturer: Ingredients / Additives|Raw Material Supplier,https://www.ingredientsnetwork.com/betel-leaf-oil-prod131541.html,Yes,Yes,Yes
Ingredient,131542,Coriander Leaf Oil,"Additives incl. Flavourings & Colours | Algae, Botanicals, Carotenoids, Flavonoids",249182,Plant Lipids Pvt Ltd,India,Manufacturer: Food & Beverage Finished Products|Manufacturer: Ingredients / Additives|Raw Material Supplier,https://www.ingredientsnetwork.com/coriander-leaf-oil-prod131542.html,Yes,Yes,Yes
Ingredient,131543,Coriander Leaf Oleoresin,"Additives incl. Flavourings & Colours | Algae, Botanicals, Carotenoids, Flavonoids",249182,Plant Lipids Pvt Ltd,India,Manufacturer: Food & Beverage Finished Products|Manufacturer: Ingredients / Additives|Raw Material Supplier,https://www.ingredientsnetwork.com/coriander-leaf-oleoresin-prod131543.html,Yes,Yes,Yes
Ingredient,131555,Coffee Extract,"Additives incl. Flavourings & Colours | Algae, Botanicals, Carotenoids, Flavonoids",249182,Plant Lipids Pvt Ltd,India,Manufacturer: Food & Beverage Finished Products|Manufacturer: Ingredients / Additives|Raw Material Supplier,https://www.ingredientsnetwork.com/coffee-extract-prod131555.html,Yes,Yes,Yes
Ingredient,131559,Cassia,"Herbs, Spices",249182,Plant Lipids Pvt Ltd,India,Manufacturer: Food & Beverage Finished Products|Manufacturer: Ingredients / Additives|Raw Material Supplier,https://www.ingredientsnetwork.com/cassia-prod131559.html,Yes,Yes,Yes
Ingredient,131560,Cinnamon,"Herbs, Spices",249182,Plant Lipids Pvt Ltd,India,Manufacturer: Food & Beverage Finished Products|Manufacturer: Ingredients / Additives|Raw Material Supplier,https://www.ingredientsnetwork.com/cinnamon-prod131560.html,Yes,Yes,Yes
Ingredient,131561,Coriander,"Herbs, Spices",249182,Plant Lipids Pvt Ltd,India,Manufacturer: Food & Beverage Finished Products|Manufacturer: Ingredients / Additives|Raw Material Supplier,https://www.ingredientsnetwork.com/coriander-prod131561.html,Yes,Yes,Yes
Ingredient,131563,Clove,"Herbs, Spices",249182,Plant Lipids Pvt Ltd,India,Manufacturer: Food & Beverage Finished Products|Manufacturer: Ingredients / Additives|Raw Material Supplier,https://www.ingredientsnetwork.com/clove-prod131563.html,Yes,Yes,Yes
Ingredient | Finished Product,131880,Raspberry,"Additives incl. Flavourings & Colours | Finished Food Categories | Vitamins, Minerals",249829,SVZ International B.V.,Netherlands,Manufacturer: Ingredients / Additives,https://www.ingredientsnetwork.com/raspberry-prod131880.html,No,No,No
Ingredient | Finished Product,131884,Strawberry,"Additives incl. Flavourings & Colours | Finished Food Categories | Fruit, Seeds, Nuts & Peanuts, Vegetables | Vitamins, Minerals",249829,SVZ International B.V.,Netherlands,Manufacturer: Ingredients / Additives,https://www.ingredientsnetwork.com/strawberry-prod131884.html,No,No,No
Ingredient,131885,Carrot,"Fruit, Seeds, Nuts & Peanuts, Vegetables",249829,SVZ International B.V.,Netherlands,Manufacturer: Ingredients / Additives,https://www.ingredientsnetwork.com/carrot-prod131885.html,No,No,No
Ingredient | Finished Product,131898,P-GOS® S & P,"Carbohydrates, Sugars | Dietary Fibres, Prebiotics | Finished Food Categories",249775,Olygose,France,,https://www.ingredientsnetwork.com/p-gos-s-p-prod131898.html,No,No,No
Ingredient,131900,AlphaGOS® P & SF,"Additives incl. Flavourings & Colours | Dietary Fibres, Prebiotics",249775,Olygose,France,,https://www.ingredientsnetwork.com/alphagos-p-sf-prod131900.html,No,No,No
Ingredient,132109,6-Methyl Coumarin,Additives incl. Flavourings & Colours,249679,Quimdis,France,Distributor,https://www.ingredientsnetwork.com/6-methyl-coumarin-prod132109.html,No,No,No
Ingredient,132317,Açai,"Additives incl. Flavourings & Colours | Algae, Botanicals, Carotenoids, Flavonoids",249679,Quimdis,France,Distributor,https://www.ingredientsnetwork.com/acai-prod132317.html,No,No,No
Ingredient,132318,Acerola,"Additives incl. Flavourings & Colours | Algae, Botanicals, Carotenoids, Flavonoids | Bioactive Compounds - Other",249679,Quimdis,France,Distributor,https://www.ingredientsnetwork.com/acerola-prod132318.html,No,No,No
Ingredient,132563,ANKASCIN 568-R ( clinically researched health ingredient dietary red yeast rice natural multi-function no monacolin K),"Additives incl. Flavourings & Colours | Cereals & Grains, Pulses | Fungi & Yeasts, Microorganisms & Probiotics, Mushrooms",249269,Sunway Biotech Co Ltd.,China,Raw Material Supplier,https://www.ingredientsnetwork.com/ankascin-568-r-clinically-researched-health-prod132563.html,No,No,No
Ingredient,132564,Vigiis 101-LAB ( health ingredient dietary natural multi-function scientifically researched ),"Fungi & Yeasts, Microorganisms & Probiotics, Mushrooms",249269,Sunway Biotech Co Ltd.,China,Raw Material Supplier,https://www.ingredientsnetwork.com/vigiis-101-lab-health-ingredient-dietary-natural-prod132564.html,No,No,No
Ingredient,132565,Acetyl L-Carnitine,"Proteins, Enzymes, Amino Acids",249598,PRINOVA EUROPE LIMITED,United Kingdom,Manufacturer: Ingredients / Additives,https://www.ingredientsnetwork.com/acetyl-l-carnitine-prod132565.html,Yes,Yes,Yes
Ingredient,132566,BCAA Instantised,"Proteins, Enzymes, Amino Acids",249598,PRINOVA EUROPE LIMITED,United Kingdom,Manufacturer: Ingredients / Additives,https://www.ingredientsnetwork.com/bcaa-instantised-prod132566.html,Yes,Yes,Yes
Ingredient,132567,BCAA Instantised (15kg Drums),"Proteins, Enzymes, Amino Acids",249598,PRINOVA EUROPE LIMITED,United Kingdom,Manufacturer: Ingredients / Additives,https://www.ingredientsnetwork.com/bcaa-instantised-15kg-drums-prod132567.html,Yes,Yes,Yes
Ingredient,132568,BCAA Instantised (50% L-Leucine),"Proteins, Enzymes, Amino Acids",249598,PRINOVA EUROPE LIMITED,United Kingdom,Manufacturer: Ingredients / Additives,https://www.ingredientsnetwork.com/bcaa-instantised-50-l-leucine-prod132568.html,Yes,Yes,Yes
Ingredient,132569,BCAA Instantised (25% L-Isoleucine),"Proteins, Enzymes, Amino Acids",249598,PRINOVA EUROPE LIMITED,United Kingdom,Manufacturer: Ingredients / Additives,https://www.ingredientsnetwork.com/bcaa-instantised-25-l-isoleucine-prod132569.html,Yes,Yes,Yes
Ingredient,132570,BCAA Instantised (25% L-Valine),"Proteins, Enzymes, Amino Acids",249598,PRINOVA EUROPE LIMITED,United Kingdom,Manufacturer: Ingredients / Additives,https://www.ingredientsnetwork.com/bcaa-instantised-25-l-valine-prod132570.html,Yes,Yes,Yes
Ingredient,132571,BCAA Instantised (+3% Soy Lecithin),"Additives incl. Flavourings & Colours | Proteins, Enzymes, Amino Acids",249598,PRINOVA EUROPE LIMITED,United Kingdom,Manufacturer: Ingredients / Additives,https://www.ingredientsnetwork.com/bcaa-instantised-3-soy-lecithin-prod132571.html,Yes,Yes,Yes
Ingredient,132572,BCAA Blend (25kg Drums),"Proteins, Enzymes, Amino Acids",249598,PRINOVA EUROPE LIMITED,United Kingdom,Manufacturer: Ingredients / Additives,https://www.ingredientsnetwork.com/bcaa-blend-25kg-drums-prod132572.html,Yes,Yes,Yes
Ingredient | Finished Product,132573,BCAA Blend (50% L-Leucine),"Proteins, Enzymes, Amino Acids | Specialised Finished Products",249598,PRINOVA EUROPE LIMITED,United Kingdom,Manufacturer: Ingredients / Additives,https://www.ingredientsnetwork.com/bcaa-blend-50-l-leucine-prod132573.html,Yes,Yes,Yes
Ingredient,132574,BCAA Blend (25% L-Isoleucine),"Proteins, Enzymes, Amino Acids",249598,PRINOVA EUROPE LIMITED,United Kingdom,Manufacturer: Ingredients / Additives,https://www.ingredientsnetwork.com/bcaa-blend-25-l-isoleucine-prod132574.html,Yes,Yes,Yes
Ingredient | Finished Product,132575,BCAA Blend (25% L-Valine),"Proteins, Enzymes, Amino Acids | Specialised Finished Products",249598,PRINOVA EUROPE LIMITED,United Kingdom,Manufacturer: Ingredients / Additives,https://www.ingredientsnetwork.com/bcaa-blend-25-l-valine-prod132575.html,Yes,Yes,Yes
Ingredient,132576,Beta-Alanine,"Proteins, Enzymes, Amino Acids",249598,PRINOVA EUROPE LIMITED,United Kingdom,Manufacturer: Ingredients / Additives,https://www.ingredientsnetwork.com/beta-alanine-prod132576.html,Yes,Yes,Yes
Ingredient | Finished Product,132577,DL-Alanine,"Proteins, Enzymes, Amino Acids | Specialised Finished Products",249598,PRINOVA EUROPE LIMITED,United Kingdom,Manufacturer: Ingredients / Additives,https://www.ingredientsnetwork.com/dl-alanine-prod132577.html,Yes,Yes,Yes
Ingredient | Finished Product,132578,DL-Methionine AJI,"Proteins, Enzymes, Amino Acids | Specialised Finished Products",249598,PRINOVA EUROPE LIMITED,United Kingdom,Manufacturer: Ingredients / Additives,https://www.ingredientsnetwork.com/dl-methionine-aji-prod132578.html,Yes,Yes,Yes
Ingredient | Finished Product,132579,DL-Methionine (FCC),"Proteins, Enzymes, Amino Acids | Specialised Finished Products",249598,PRINOVA EUROPE LIMITED,United Kingdom,Manufacturer: Ingredients / Additives,https://www.ingredientsnetwork.com/dl-methionine-fcc-prod132579.html,Yes,Yes,Yes
Ingredient | Finished Product,132580,DL-Methionine (USP),"Proteins, Enzymes, Amino Acids | Specialised Finished Products",249598,PRINOVA EUROPE LIMITED,United Kingdom,Manufacturer: Ingredients / Additives,https://www.ingredientsnetwork.com/dl-methionine-usp-prod132580.html,Yes,Yes,Yes
Ingredient | Finished Product,132581,Glycine (USP),"Additives incl. Flavourings & Colours | Proteins, Enzymes, Amino Acids | Specialised Finished Products",249598,PRINOVA EUROPE LIMITED,United Kingdom,Manufacturer: Ingredients / Additives,https://www.ingredientsnetwork.com/glycine-usp-prod132581.html,Yes,Yes,Yes
Ingredient | Finished Product,132582,Glycine (40 MESH),"Proteins, Enzymes, Amino Acids | Specialised Finished Products",249598,PRINOVA EUROPE LIMITED,United Kingdom,Manufacturer: Ingredients / Additives,https://www.ingredientsnetwork.com/glycine-40-mesh-prod132582.html,Yes,Yes,Yes
Ingredient,132583,Glycine (+ 0.5% ANTICAKING),"Additives incl. Flavourings & Colours | Proteins, Enzymes, Amino Acids",249598,PRINOVA EUROPE LIMITED,United Kingdom,Manufacturer: Ingredients / Additives,https://www.ingredientsnetwork.com/glycine-0-5-anticaking-prod132583.html,Yes,Yes,Yes
Ingredient | Finished Product,132584,Glycine HCL,"Additives incl. Flavourings & Colours | Proteins, Enzymes, Amino Acids | Specialised Finished Products",249598,PRINOVA EUROPE LIMITED,United Kingdom,Manufacturer: Ingredients / Additives,https://www.ingredientsnetwork.com/glycine-hcl-prod132584.html,Yes,Yes,Yes
Ingredient | Finished Product,132585,L-Alanine (USP),"Proteins, Enzymes, Amino Acids | Specialised Finished Products",249598,PRINOVA EUROPE LIMITED,United Kingdom,Manufacturer: Ingredients / Additives,https://www.ingredientsnetwork.com/l-alanine-usp-prod132585.html,Yes,Yes,Yes
Ingredient | Finished Product,132586,L-Alanine (FCC),"Proteins, Enzymes, Amino Acids | Specialised Finished Products",249598,PRINOVA EUROPE LIMITED,United Kingdom,Manufacturer: Ingredients / Additives,https://www.ingredientsnetwork.com/l-alanine-fcc-prod132586.html,Yes,Yes,Yes
Ingredient | Finished Product,132587,L-Arginine Base (FCC),"Proteins, Enzymes, Amino Acids | Specialised Finished Products",249598,PRINOVA EUROPE LIMITED,United Kingdom,Manufacturer: Ingredients / Additives,https://www.ingredientsnetwork.com/l-arginine-base-fcc-prod132587.html,Yes,Yes,Yes
Ingredient | Finished Product,132588,L-Arginine Base AJI,"Proteins, Enzymes, Amino Acids | Specialised Finished Products",249598,PRINOVA EUROPE LIMITED,United Kingdom,Manufacturer: Ingredients / Additives,https://www.ingredientsnetwork.com/l-arginine-base-aji-prod132588.html,Yes,Yes,Yes
Ingredient | Finished Product,132589,L-Arginine Base (USP),"Proteins, Enzymes, Amino Acids | Specialised Finished Products",249598,PRINOVA EUROPE LIMITED,United Kingdom,Manufacturer: Ingredients / Additives,https://www.ingredientsnetwork.com/l-arginine-base-usp-prod132589.html,Yes,Yes,Yes
Ingredient,132590,L-Arginine Base Fermentation,"Proteins, Enzymes, Amino Acids",249598,PRINOVA EUROPE LIMITED,United Kingdom,Manufacturer: Ingredients / Additives,https://www.ingredientsnetwork.com/l-arginine-base-fermentation-prod132590.html,Yes,Yes,Yes
Ingredient | Finished Product,132591,L-Arginine HCL (USP),"Proteins, Enzymes, Amino Acids | Specialised Finished Products",249598,PRINOVA EUROPE LIMITED,United Kingdom,Manufacturer: Ingredients / Additives,https://www.ingredientsnetwork.com/l-arginine-hcl-usp-prod132591.html,Yes,Yes,Yes
Ingredient | Finished Product,132592,L-Arginine HCL (FCC),"Proteins, Enzymes, Amino Acids | Specialised Finished Products",249598,PRINOVA EUROPE LIMITED,United Kingdom,Manufacturer: Ingredients / Additives,https://www.ingredientsnetwork.com/l-arginine-hcl-fcc-prod132592.html,Yes,Yes,Yes
Ingredient,132593,L-Aspartic Acid (USP),"Proteins, Enzymes, Amino Acids",249598,PRINOVA EUROPE LIMITED,United Kingdom,Manufacturer: Ingredients / Additives,https://www.ingredientsnetwork.com/l-aspartic-acid-usp-prod132593.html,Yes,Yes,Yes
Ingredient,132594,L-Aspartic Acid (FCC),"Proteins, Enzymes, Amino Acids",249598,PRINOVA EUROPE LIMITED,United Kingdom,Manufacturer: Ingredients / Additives,https://www.ingredientsnetwork.com/l-aspartic-acid-fcc-prod132594.html,Yes,Yes,Yes
Ingredient,132599,L-Ornithine HCL,"Proteins, Enzymes, Amino Acids",249598,PRINOVA EUROPE LIMITED,United Kingdom,Manufacturer: Ingredients / Additives,https://www.ingredientsnetwork.com/l-ornithine-hcl-prod132599.html,Yes,Yes,Yes
Ingredient,132600,L-Phenylalanine (AJI),"Proteins, Enzymes, Amino Acids",249598,PRINOVA EUROPE LIMITED,United Kingdom,Manufacturer: Ingredients / Additives,https://www.ingredientsnetwork.com/l-phenylalanine-aji-prod132600.html,Yes,Yes,Yes
Ingredient,132601,L-Phenylalanine (FCC),"Proteins, Enzymes, Amino Acids",249598,PRINOVA EUROPE LIMITED,United Kingdom,Manufacturer: Ingredients / Additives,https://www.ingredientsnetwork.com/l-phenylalanine-fcc-prod132601.html,Yes,Yes,Yes
Ingredient,132602,L-Proline (AJI),"Proteins, Enzymes, Amino Acids",249598,PRINOVA EUROPE LIMITED,United Kingdom,Manufacturer: Ingredients / Additives,https://www.ingredientsnetwork.com/l-proline-aji-prod132602.html,Yes,Yes,Yes
Ingredient,132604,L-Proline (USP),"Proteins, Enzymes, Amino Acids",249598,PRINOVA EUROPE LIMITED,United Kingdom,Manufacturer: Ingredients / Additives,https://www.ingredientsnetwork.com/l-proline-usp-prod132604.html,Yes,Yes,Yes
Ingredient,132606,Anethole,Additives incl. Flavourings & Colours,249598,PRINOVA EUROPE LIMITED,United Kingdom,Manufacturer: Ingredients / Additives,https://www.ingredientsnetwork.com/anethole-prod132606.html,Yes,Yes,Yes
Ingredient,132607,"Benzaldehyde, Natural",Additives incl. Flavourings & Colours,249598,PRINOVA EUROPE LIMITED,United Kingdom,Manufacturer: Ingredients / Additives,https://www.ingredientsnetwork.com/benzaldehyde-natural-prod132607.html,Yes,Yes,Yes
Ingredient,132608,Benzyl Acetate,Additives incl. Flavourings & Colours,249598,PRINOVA EUROPE LIMITED,United Kingdom,Manufacturer: Ingredients / Additives,https://www.ingredientsnetwork.com/benzyl-acetate-prod132608.html,Yes,Yes,Yes
Ingredient,132609,Benzyl Alcohol (Indian grade),Additives incl. Flavourings & Colours,249598,PRINOVA EUROPE LIMITED,United Kingdom,Manufacturer: Ingredients / Additives,https://www.ingredientsnetwork.com/benzyl-alcohol-indian-grade-prod132609.html,Yes,Yes,Yes
Ingredient,132610,Benzyl Alcohol (Chinese grade),Additives incl. Flavourings & Colours,249598,PRINOVA EUROPE LIMITED,United Kingdom,Manufacturer: Ingredients / Additives,https://www.ingredientsnetwork.com/benzyl-alcohol-chinese-grade-prod132610.html,Yes,Yes,Yes
Ingredient,132611,Benzyl Benzoate (Indian grade),Additives incl. Flavourings & Colours,249598,PRINOVA EUROPE LIMITED,United Kingdom,Manufacturer: Ingredients / Additives,https://www.ingredientsnetwork.com/benzyl-benzoate-indian-grade-prod132611.html,Yes,Yes,Yes
Ingredient,132612,Benzyl Benzoate (Chinese grade),Additives incl. Flavourings & Colours,249598,PRINOVA EUROPE LIMITED,United Kingdom,Manufacturer: Ingredients / Additives,https://www.ingredientsnetwork.com/benzyl-benzoate-chinese-grade-prod132612.html,Yes,Yes,Yes
Ingredient,132613,Camphor (USP),Additives incl. Flavourings & Colours,249598,PRINOVA EUROPE LIMITED,United Kingdom,Manufacturer: Ingredients / Additives,https://www.ingredientsnetwork.com/camphor-usp-prod132613.html,Yes,Yes,Yes
Ingredient,132614,Camphor (EP),Additives incl. Flavourings & Colours,249598,PRINOVA EUROPE LIMITED,United Kingdom,Manufacturer: Ingredients / Additives,https://www.ingredientsnetwork.com/camphor-ep-prod132614.html,Yes,Yes,Yes
Ingredient,132615,Camphor DAB,Additives incl. Flavourings & Colours,249598,PRINOVA EUROPE LIMITED,United Kingdom,Manufacturer: Ingredients / Additives,https://www.ingredientsnetwork.com/camphor-dab-prod132615.html,Yes,Yes,Yes
Ingredient,132616,Cinnamic Alcohol,Additives incl. Flavourings & Colours,249598,PRINOVA EUROPE LIMITED,United Kingdom,Manufacturer: Ingredients / Additives,https://www.ingredientsnetwork.com/cinnamic-alcohol-prod132616.html,Yes,Yes,Yes
Ingredient,132617,Cinnamic Aldehyde (Indian grade),Additives incl. Flavourings & Colours,249598,PRINOVA EUROPE LIMITED,United Kingdom,Manufacturer: Ingredients / Additives,https://www.ingredientsnetwork.com/cinnamic-aldehyde-indian-grade-prod132617.html,Yes,Yes,Yes
Ingredient,132618,Cinnamic Aldehyde (US grade),Additives incl. Flavourings & Colours,249598,PRINOVA EUROPE LIMITED,United Kingdom,Manufacturer: Ingredients / Additives,https://www.ingredientsnetwork.com/cinnamic-aldehyde-us-grade-prod132618.html,Yes,Yes,Yes
Ingredient,132619,"Cis 3 Hexenol, Natural",Additives incl. Flavourings & Colours,249598,PRINOVA EUROPE LIMITED,United Kingdom,Manufacturer: Ingredients / Additives,https://www.ingredientsnetwork.com/cis-3-hexenol-natural-prod132619.html,Yes,Yes,Yes
Ingredient,132620,Cis-3-Hexenyl Acetate,Additives incl. Flavourings & Colours,249598,PRINOVA EUROPE LIMITED,United Kingdom,Manufacturer: Ingredients / Additives,https://www.ingredientsnetwork.com/cis-3-hexenyl-acetate-prod132620.html,Yes,Yes,Yes
Ingredient,132621,Citral Natural,Additives incl. Flavourings & Colours,249598,PRINOVA EUROPE LIMITED,United Kingdom,Manufacturer: Ingredients / Additives,https://www.ingredientsnetwork.com/citral-natural-prod132621.html,Yes,Yes,Yes
Ingredient,132622,Citral Synthetic,Additives incl. Flavourings & Colours,249598,PRINOVA EUROPE LIMITED,United Kingdom,Manufacturer: Ingredients / Additives,https://www.ingredientsnetwork.com/citral-synthetic-prod132622.html,Yes,Yes,Yes
Ingredient,132623,Coriander Oil,"Additives incl. Flavourings & Colours | Algae, Botanicals, Carotenoids, Flavonoids | Herbs, Spices",249598,PRINOVA EUROPE LIMITED,United Kingdom,Manufacturer: Ingredients / Additives,https://www.ingredientsnetwork.com/coriander-oil-prod132623.html,Yes,Yes,Yes
Ingredient,132624,Coumarin,Additives incl. Flavourings & Colours,249598,PRINOVA EUROPE LIMITED,United Kingdom,Manufacturer: Ingredients / Additives,https://www.ingredientsnetwork.com/coumarin-prod132624.html,Yes,Yes,Yes
Ingredient,132625,Di-Hydro Coumarin,Additives incl. Flavourings & Colours,249598,PRINOVA EUROPE LIMITED,United Kingdom,Manufacturer: Ingredients / Additives,https://www.ingredientsnetwork.com/di-hydro-coumarin-prod132625.html,Yes,Yes,Yes
Ingredient,132626,Di-Hydro Myrcenol,Additives incl. Flavourings & Colours,249598,PRINOVA EUROPE LIMITED,United Kingdom,Manufacturer: Ingredients / Additives,https://www.ingredientsnetwork.com/di-hydro-myrcenol-prod132626.html,Yes,Yes,Yes
Ingredient,132627,Diphenyl Oxide,Additives incl. Flavourings & Colours,249598,PRINOVA EUROPE LIMITED,United Kingdom,Manufacturer: Ingredients / Additives,https://www.ingredientsnetwork.com/diphenyl-oxide-prod132627.html,Yes,Yes,Yes
Ingredient,132628,Ethyl Maltol,Additives incl. Flavourings & Colours,249598,PRINOVA EUROPE LIMITED,United Kingdom,Manufacturer: Ingredients / Additives,https://www.ingredientsnetwork.com/ethyl-maltol-prod132628.html,Yes,Yes,Yes
Ingredient,132629,Ethyl Menthane Carboxamide,Additives incl. Flavourings & Colours,249598,PRINOVA EUROPE LIMITED,United Kingdom,Manufacturer: Ingredients / Additives,https://www.ingredientsnetwork.com/ethyl-menthane-carboxamide-prod132629.html,Yes,Yes,Yes
Ingredient,132630,Ethyl Vanillin,Additives incl. Flavourings & Colours,249598,PRINOVA EUROPE LIMITED,United Kingdom,Manufacturer: Ingredients / Additives,https://www.ingredientsnetwork.com/ethyl-vanillin-prod132630.html,Yes,Yes,Yes
Ingredient,132631,Eucalyptol,Additives incl. Flavourings & Colours,249598,PRINOVA EUROPE LIMITED,United Kingdom,Manufacturer: Ingredients / Additives,https://www.ingredientsnetwork.com/eucalyptol-prod132631.html,Yes,Yes,Yes
Ingredient,132632,Eugenol,Additives incl. Flavourings & Colours,249598,PRINOVA EUROPE LIMITED,United Kingdom,Manufacturer: Ingredients / Additives,https://www.ingredientsnetwork.com/eugenol-prod132632.html,Yes,Yes,Yes
Ingredient,132633,Gamma Undecca Lactone,Additives incl. Flavourings & Colours,249598,PRINOVA EUROPE LIMITED,United Kingdom,Manufacturer: Ingredients / Additives,https://www.ingredientsnetwork.com/gamma-undecca-lactone-prod132633.html,Yes,Yes,Yes
Ingredient,132634,Garlic Oil (FCC),"Additives incl. Flavourings & Colours | Algae, Botanicals, Carotenoids, Flavonoids",249598,PRINOVA EUROPE LIMITED,United Kingdom,Manufacturer: Ingredients / Additives,https://www.ingredientsnetwork.com/garlic-oil-fcc-prod132634.html,Yes,Yes,Yes
Ingredient,132635,Garlic Oil Natural,"Additives incl. Flavourings & Colours | Algae, Botanicals, Carotenoids, Flavonoids",249598,PRINOVA EUROPE LIMITED,United Kingdom,Manufacturer: Ingredients / Additives,https://www.ingredientsnetwork.com/garlic-oil-natural-prod132635.html,Yes,Yes,Yes
Ingredient,132636,Garlic Oil NI,"Additives incl. Flavourings & Colours | Algae, Botanicals, Carotenoids, Flavonoids",249598,PRINOVA EUROPE LIMITED,United Kingdom,Manufacturer: Ingredients / Additives,https://www.ingredientsnetwork.com/garlic-oil-ni-prod132636.html,Yes,Yes,Yes
Ingredient,132637,Geranium Oil,"Additives incl. Flavourings & Colours | Algae, Botanicals, Carotenoids, Flavonoids",249598,PRINOVA EUROPE LIMITED,United Kingdom,Manufacturer: Ingredients / Additives,https://www.ingredientsnetwork.com/geranium-oil-prod132637.html,Yes,Yes,Yes
Ingredient,132638,Heliotropin,Additives incl. Flavourings & Colours,249598,PRINOVA EUROPE LIMITED,United Kingdom,Manufacturer: Ingredients / Additives,https://www.ingredientsnetwork.com/heliotropin-prod132638.html,Yes,Yes,Yes
Ingredient,132639,Iso Bornyl Acetate,Additives incl. Flavourings & Colours,249598,PRINOVA EUROPE LIMITED,United Kingdom,Manufacturer: Ingredients / Additives,https://www.ingredientsnetwork.com/iso-bornyl-acetate-prod132639.html,Yes,Yes,Yes
Ingredient,132640,Linalool,Additives incl. Flavourings & Colours,249598,PRINOVA EUROPE LIMITED,United Kingdom,Manufacturer: Ingredients / Additives,https://www.ingredientsnetwork.com/linalool-prod132640.html,Yes,Yes,Yes
Ingredient,132641,Linalyl Acetate,Additives incl. Flavourings & Colours,249598,PRINOVA EUROPE LIMITED,United Kingdom,Manufacturer: Ingredients / Additives,https://www.ingredientsnetwork.com/linalyl-acetate-prod132641.html,Yes,Yes,Yes
Ingredient,132642,Maltol,Additives incl. Flavourings & Colours,249598,PRINOVA EUROPE LIMITED,United Kingdom,Manufacturer: Ingredients / Additives,https://www.ingredientsnetwork.com/maltol-prod132642.html,Yes,Yes,Yes
Ingredient,132643,Maple Lactone,Additives incl. Flavourings & Colours,249598,PRINOVA EUROPE LIMITED,United Kingdom,Manufacturer: Ingredients / Additives,https://www.ingredientsnetwork.com/maple-lactone-prod132643.html,Yes,Yes,Yes
Ingredient,132644,Menthol Crystals (EP),"Additives incl. Flavourings & Colours | Algae, Botanicals, Carotenoids, Flavonoids",249598,PRINOVA EUROPE LIMITED,United Kingdom,Manufacturer: Ingredients / Additives,https://www.ingredientsnetwork.com/menthol-crystals-ep-prod132644.html,Yes,Yes,Yes
Ingredient,132645,Menthol Crystals (USP),"Additives incl. Flavourings & Colours | Algae, Botanicals, Carotenoids, Flavonoids",249598,PRINOVA EUROPE LIMITED,United Kingdom,Manufacturer: Ingredients / Additives,https://www.ingredientsnetwork.com/menthol-crystals-usp-prod132645.html,Yes,Yes,Yes
Ingredient,132646,Menthol Crystals (BP),Additives incl. Flavourings & Colours,249598,PRINOVA EUROPE LIMITED,United Kingdom,Manufacturer: Ingredients / Additives,https://www.ingredientsnetwork.com/menthol-crystals-bp-prod132646.html,Yes,Yes,Yes
Ingredient,132647,Menthol Crystals (JSCI),"Additives incl. Flavourings & Colours | Algae, Botanicals, Carotenoids, Flavonoids",249598,PRINOVA EUROPE LIMITED,United Kingdom,Manufacturer: Ingredients / Additives,https://www.ingredientsnetwork.com/menthol-crystals-jsci-prod132647.html,Yes,Yes,Yes
Ingredient,132648,Menthol Crystals (FCC),Additives incl. Flavourings & Colours,249598,PRINOVA EUROPE LIMITED,United Kingdom,Manufacturer: Ingredients / Additives,https://www.ingredientsnetwork.com/menthol-crystals-fcc-prod132648.html,Yes,Yes,Yes
Ingredient,132649,Menthone,Additives incl. Flavourings & Colours,249598,PRINOVA EUROPE LIMITED,United Kingdom,Manufacturer: Ingredients / Additives,https://www.ingredientsnetwork.com/menthone-prod132649.html,Yes,Yes,Yes
Ingredient,132651,Methyl Salicylate (EP),Additives incl. Flavourings & Colours,249598,PRINOVA EUROPE LIMITED,United Kingdom,Manufacturer: Ingredients / Additives,https://www.ingredientsnetwork.com/methyl-salicylate-ep-prod132651.html,Yes,Yes,Yes
Ingredient,132652,Methyl Salicylate (BP),Additives incl. Flavourings & Colours,249598,PRINOVA EUROPE LIMITED,United Kingdom,Manufacturer: Ingredients / Additives,https://www.ingredientsnetwork.com/methyl-salicylate-bp-prod132652.html,Yes,Yes,Yes
Ingredient,132653,Methyl Salicylate (FCC),Additives incl. Flavourings & Colours,249598,PRINOVA EUROPE LIMITED,United Kingdom,Manufacturer: Ingredients / Additives,https://www.ingredientsnetwork.com/methyl-salicylate-fcc-prod132653.html,Yes,Yes,Yes
Ingredient,132654,Phenyl Ethyl Alcohol,Additives incl. Flavourings & Colours,249598,PRINOVA EUROPE LIMITED,United Kingdom,Manufacturer: Ingredients / Additives,https://www.ingredientsnetwork.com/phenyl-ethyl-alcohol-prod132654.html,Yes,Yes,Yes
Ingredient,132655,Raspberry Ketone,Additives incl. Flavourings & Colours,249598,PRINOVA EUROPE LIMITED,United Kingdom,Manufacturer: Ingredients / Additives,https://www.ingredientsnetwork.com/raspberry-ketone-prod132655.html,Yes,Yes,Yes
Ingredient,132656,Egg Albumen,"Proteins, Enzymes, Amino Acids",249598,PRINOVA EUROPE LIMITED,United Kingdom,Manufacturer: Ingredients / Additives,https://www.ingredientsnetwork.com/egg-albumen-prod132656.html,Yes,Yes,Yes
Ingredient,132657,Egg Yolk Powder,"Eggs & Egg Products | Proteins, Enzymes, Amino Acids",249598,PRINOVA EUROPE LIMITED,United Kingdom,Manufacturer: Ingredients / Additives,https://www.ingredientsnetwork.com/egg-yolk-powder-prod132657.html,Yes,Yes,Yes
Ingredient,132658,Free Range Egg Albumen,"Eggs & Egg Products | Proteins, Enzymes, Amino Acids",249598,PRINOVA EUROPE LIMITED,United Kingdom,Manufacturer: Ingredients / Additives,https://www.ingredientsnetwork.com/free-range-egg-albumen-prod132658.html,Yes,Yes,Yes
Ingredient,132659,Free Range Egg Yolk,Eggs & Egg Products,249598,PRINOVA EUROPE LIMITED,United Kingdom,Manufacturer: Ingredients / Additives,https://www.ingredientsnetwork.com/free-range-egg-yolk-prod132659.html,Yes,Yes,Yes
Ingredient,132660,Free Range Whole Egg,Eggs & Egg Products,249598,PRINOVA EUROPE LIMITED,United Kingdom,Manufacturer: Ingredients / Additives,https://www.ingredientsnetwork.com/free-range-whole-egg-prod132660.html,Yes,Yes,Yes
Ingredient,132661,Whole Egg Powder,"Eggs & Egg Products | Proteins, Enzymes, Amino Acids",249598,PRINOVA EUROPE LIMITED,United Kingdom,Manufacturer: Ingredients / Additives,https://www.ingredientsnetwork.com/whole-egg-powder-prod132661.html,Yes,Yes,Yes
Ingredient,132662,Aniseed Oil,Additives incl. Flavourings & Colours | Fats & Oils,249598,PRINOVA EUROPE LIMITED,United Kingdom,Manufacturer: Ingredients / Additives,https://www.ingredientsnetwork.com/aniseed-oil-prod132662.html,Yes,Yes,Yes
Ingredient,132663,Bay Oil,"Additives incl. Flavourings & Colours | Algae, Botanicals, Carotenoids, Flavonoids",249598,PRINOVA EUROPE LIMITED,United Kingdom,Manufacturer: Ingredients / Additives,https://www.ingredientsnetwork.com/bay-oil-prod132663.html,Yes,Yes,Yes
Ingredient,132664,Cananga Oil,Additives incl. Flavourings & Colours,249598,PRINOVA EUROPE LIMITED,United Kingdom,Manufacturer: Ingredients / Additives,https://www.ingredientsnetwork.com/cananga-oil-prod132664.html,Yes,Yes,Yes
Ingredient,132665,Cassia Oil,"Additives incl. Flavourings & Colours | Algae, Botanicals, Carotenoids, Flavonoids",249598,PRINOVA EUROPE LIMITED,United Kingdom,Manufacturer: Ingredients / Additives,https://www.ingredientsnetwork.com/cassia-oil-prod132665.html,Yes,Yes,Yes
Ingredient,132666,Cedarwood Oil,"Algae, Botanicals, Carotenoids, Flavonoids | Fats & Oils",249598,PRINOVA EUROPE LIMITED,United Kingdom,Manufacturer: Ingredients / Additives,https://www.ingredientsnetwork.com/cedarwood-oil-prod132666.html,Yes,Yes,Yes
